,did,name,version,uploader,status,format,MajorityClassSize,MaxNominalAttDistinctValues,MinorityClassSize,NumberOfClasses,NumberOfFeatures,NumberOfInstances,NumberOfInstancesWithMissingValues,NumberOfMissingValues,NumberOfNumericFeatures,NumberOfSymbolicFeatures,NumberOfValues
782,782,rabe_266,2,2,active,ARFF,63.0,2.0,57.0,2.0,3.0,120.0,0.0,0.0,2.0,1.0,240.0
867,867,visualizing_livestock,2,2,active,ARFF,105.0,26.0,25.0,2.0,3.0,130.0,0.0,0.0,0.0,3.0,260.0
1013,1013,analcatdata_challenger,2,2,active,ARFF,129.0,3.0,9.0,2.0,3.0,138.0,0.0,0.0,1.0,2.0,276.0
875,875,analcatdata_chlamydia,2,2,active,ARFF,81.0,10.0,19.0,2.0,4.0,100.0,0.0,0.0,0.0,4.0,300.0
865,865,analcatdata_neavote,2,2,active,ARFF,93.0,3.0,7.0,2.0,4.0,100.0,0.0,0.0,1.0,3.0,300.0
736,736,visualizing_environmental,2,2,active,ARFF,58.0,2.0,53.0,2.0,4.0,111.0,0.0,0.0,3.0,1.0,333.0
448,448,analcatdata_boxing1,1,2,active,ARFF,78.0,12.0,42.0,2.0,4.0,120.0,0.0,0.0,0.0,4.0,360.0
924,924,humandevel,2,2,active,ARFF,65.0,2.0,65.0,2.0,4.0,130.0,0.0,0.0,2.0,2.0,390.0
885,885,transplant,2,2,active,ARFF,83.0,2.0,48.0,2.0,4.0,131.0,0.0,0.0,3.0,1.0,393.0
444,444,analcatdata_boxing2,1,2,active,ARFF,71.0,12.0,61.0,2.0,4.0,132.0,0.0,0.0,0.0,4.0,396.0
921,921,analcatdata_seropositive,2,2,active,ARFF,86.0,3.0,46.0,2.0,4.0,132.0,0.0,0.0,2.0,2.0,396.0
784,784,newton_hema,2,2,active,ARFF,70.0,11.0,70.0,2.0,4.0,140.0,0.0,0.0,2.0,2.0,420.0
771,771,analcatdata_michiganacc,2,2,active,ARFF,60.0,12.0,48.0,2.0,5.0,108.0,0.0,0.0,2.0,3.0,432.0
895,895,chscase_geyser1,2,2,active,ARFF,134.0,2.0,88.0,2.0,3.0,222.0,0.0,0.0,2.0,1.0,444.0
1463,1463,blogger,1,64,active,ARFF,68.0,5.0,32.0,2.0,6.0,100.0,0.0,0.0,0.0,6.0,500.0
754,754,fri_c0_100_5,2,2,active,ARFF,54.0,2.0,46.0,2.0,6.0,100.0,0.0,0.0,5.0,1.0,500.0
829,829,fri_c1_100_5,2,2,active,ARFF,55.0,2.0,45.0,2.0,6.0,100.0,0.0,0.0,5.0,1.0,500.0
726,726,fri_c2_100_5,2,2,active,ARFF,60.0,2.0,40.0,2.0,6.0,100.0,0.0,0.0,5.0,1.0,500.0
916,916,fri_c3_100_5,2,2,active,ARFF,56.0,2.0,44.0,2.0,6.0,100.0,0.0,0.0,5.0,1.0,500.0
714,714,fruitfly,2,2,active,ARFF,76.0,3.0,49.0,2.0,5.0,125.0,0.0,0.0,2.0,3.0,500.0
464,464,prnn_synth,1,2,active,ARFF,125.0,2.0,125.0,2.0,3.0,250.0,0.0,0.0,2.0,1.0,500.0
974,974,hayes-roth,2,2,active,ARFF,81.0,2.0,51.0,2.0,5.0,132.0,0.0,0.0,4.0,1.0,528.0
811,811,rmftsa_ctoarrivals,2,2,active,ARFF,163.0,12.0,101.0,2.0,3.0,264.0,0.0,0.0,1.0,2.0,528.0
801,801,chscase_funds,2,2,active,ARFF,98.0,2.0,87.0,2.0,4.0,185.0,0.0,0.0,2.0,2.0,555.0
461,461,analcatdata_creditscore,1,2,active,ARFF,73.0,6.0,27.0,2.0,7.0,100.0,0.0,0.0,3.0,4.0,600.0
969,969,iris,3,2,active,ARFF,100.0,2.0,50.0,2.0,5.0,150.0,0.0,0.0,4.0,1.0,600.0
747,747,servo,1,2,active,ARFF,129.0,5.0,38.0,2.0,5.0,167.0,0.0,0.0,0.0,5.0,668.0
1455,1455,acute-inflammations,1,64,active,ARFF,70.0,2.0,50.0,2.0,7.0,120.0,0.0,0.0,1.0,6.0,720.0
955,955,tae,2,2,active,ARFF,99.0,2.0,52.0,2.0,6.0,151.0,0.0,0.0,3.0,3.0,755.0
890,890,cloud,2,2,active,ARFF,76.0,2.0,32.0,2.0,8.0,108.0,0.0,0.0,6.0,2.0,756.0
860,860,vinnie,2,2,active,ARFF,195.0,2.0,185.0,2.0,3.0,380.0,0.0,0.0,2.0,1.0,760.0
40681,40681,mux6,1,869,active,ARFF,64.0,2.0,64.0,2.0,7.0,128.0,0.0,0.0,0.0,7.0,768.0
748,748,analcatdata_wildcat,2,2,active,ARFF,116.0,2.0,47.0,2.0,6.0,163.0,0.0,0.0,3.0,3.0,815.0
902,902,sleuth_case2002,2,2,active,ARFF,78.0,2.0,69.0,2.0,7.0,147.0,0.0,0.0,2.0,5.0,882.0
1473,1473,fertility,1,64,active,ARFF,88.0,2.0,12.0,2.0,10.0,100.0,0.0,0.0,9.0,1.0,900.0
43,43,haberman,1,1,active,ARFF,225.0,12.0,81.0,2.0,4.0,306.0,0.0,0.0,2.0,2.0,918.0
814,814,chscase_vine2,2,2,active,ARFF,256.0,2.0,212.0,2.0,3.0,468.0,0.0,0.0,2.0,1.0,936.0
719,719,veteran,2,2,active,ARFF,94.0,4.0,43.0,2.0,8.0,137.0,0.0,0.0,3.0,5.0,959.0
40669,40669,corral,1,869,active,ARFF,90.0,2.0,70.0,2.0,7.0,160.0,0.0,0.0,0.0,7.0,960.0
808,808,fri_c0_100_10,2,2,active,ARFF,55.0,2.0,45.0,2.0,11.0,100.0,0.0,0.0,10.0,1.0,1000.0
789,789,fri_c1_100_10,2,2,active,ARFF,53.0,2.0,47.0,2.0,11.0,100.0,0.0,0.0,10.0,1.0,1000.0
762,762,fri_c2_100_10,2,2,active,ARFF,55.0,2.0,45.0,2.0,11.0,100.0,0.0,0.0,10.0,1.0,1000.0
783,783,fri_c3_100_10,2,2,active,ARFF,60.0,2.0,40.0,2.0,11.0,100.0,0.0,0.0,10.0,1.0,1000.0
878,878,fri_c4_100_10,2,2,active,ARFF,53.0,2.0,47.0,2.0,11.0,100.0,0.0,0.0,10.0,1.0,1000.0
1075,1075,datatrieve,1,2,active,ARFF,119.0,2.0,11.0,2.0,9.0,130.0,0.0,0.0,8.0,1.0,1040.0
450,450,analcatdata_lawsuit,1,2,active,ARFF,245.0,2.0,19.0,2.0,5.0,264.0,0.0,0.0,3.0,2.0,1056.0
1026,1026,grub-damage,2,2,active,ARFF,106.0,21.0,49.0,2.0,9.0,155.0,0.0,0.0,2.0,7.0,1240.0
776,776,fri_c0_250_5,2,2,active,ARFF,125.0,2.0,125.0,2.0,6.0,250.0,0.0,0.0,5.0,1.0,1250.0
730,730,fri_c1_250_5,2,2,active,ARFF,131.0,2.0,119.0,2.0,6.0,250.0,0.0,0.0,5.0,1.0,1250.0
911,911,fri_c2_250_5,2,2,active,ARFF,140.0,2.0,110.0,2.0,6.0,250.0,0.0,0.0,5.0,1.0,1250.0
744,744,fri_c3_250_5,2,2,active,ARFF,141.0,2.0,109.0,2.0,6.0,250.0,0.0,0.0,5.0,1.0,1250.0
733,733,machine_cpu,2,2,active,ARFF,153.0,2.0,56.0,2.0,7.0,209.0,0.0,0.0,6.0,1.0,1254.0
925,925,visualizing_galaxy,2,2,active,ARFF,175.0,2.0,148.0,2.0,5.0,323.0,0.0,0.0,4.0,1.0,1292.0
764,764,analcatdata_apnea3,2,2,active,ARFF,395.0,5.0,55.0,2.0,4.0,450.0,0.0,0.0,1.0,3.0,1350.0
446,446,prnn_crabs,1,2,active,ARFF,100.0,2.0,100.0,2.0,8.0,200.0,0.0,0.0,6.0,2.0,1400.0
724,724,analcatdata_vineyard,2,2,active,ARFF,260.0,9.0,208.0,2.0,4.0,468.0,0.0,0.0,2.0,2.0,1404.0
767,767,analcatdata_apnea1,2,2,active,ARFF,414.0,5.0,61.0,2.0,4.0,475.0,0.0,0.0,1.0,3.0,1425.0
765,765,analcatdata_apnea2,2,2,active,ARFF,411.0,5.0,64.0,2.0,4.0,475.0,0.0,0.0,1.0,3.0,1425.0
796,796,cpu,2,2,active,ARFF,156.0,30.0,53.0,2.0,8.0,209.0,0.0,0.0,6.0,2.0,1463.0
41538,41538,conference_attendance,1,8263,active,ARFF,215.0,7.0,31.0,2.0,7.0,246.0,0.0,0.0,0.0,7.0,1476.0
1495,1495,qualitative-bankruptcy,1,64,active,ARFF,143.0,3.0,107.0,2.0,7.0,250.0,0.0,0.0,0.0,7.0,1500.0
941,941,lowbwt,2,2,active,ARFF,99.0,6.0,90.0,2.0,10.0,189.0,0.0,0.0,2.0,8.0,1701.0
965,965,zoo,2,2,active,ARFF,60.0,2.0,41.0,2.0,18.0,101.0,0.0,0.0,1.0,17.0,1717.0
1524,1524,vertebra-column,2,64,active,ARFF,210.0,2.0,100.0,2.0,7.0,310.0,0.0,0.0,6.0,1.0,1860.0
1005,1005,glass,2,2,active,ARFF,138.0,2.0,76.0,2.0,10.0,214.0,0.0,0.0,9.0,1.0,1926.0
996,996,prnn_fglass,2,2,active,ARFF,138.0,2.0,76.0,2.0,10.0,214.0,0.0,0.0,9.0,1.0,1926.0
774,774,disclosure_x_bias,2,2,active,ARFF,345.0,2.0,317.0,2.0,4.0,662.0,0.0,0.0,3.0,1.0,1986.0
827,827,disclosure_x_noise,2,2,active,ARFF,333.0,2.0,329.0,2.0,4.0,662.0,0.0,0.0,3.0,1.0,1986.0
795,795,disclosure_x_tampered,2,2,active,ARFF,335.0,2.0,327.0,2.0,4.0,662.0,0.0,0.0,3.0,1.0,1986.0
931,931,disclosure_z,2,2,active,ARFF,348.0,2.0,314.0,2.0,4.0,662.0,0.0,0.0,3.0,1.0,1986.0
1025,1025,analcatdata_germangss,2,2,active,ARFF,310.0,5.0,90.0,2.0,6.0,400.0,0.0,0.0,0.0,6.0,2000.0
721,721,pwLinear,2,2,active,ARFF,103.0,2.0,97.0,2.0,11.0,200.0,0.0,0.0,10.0,1.0,2000.0
741,741,rmftsa_sleepdata,2,2,active,ARFF,515.0,4.0,509.0,2.0,3.0,1024.0,0.0,0.0,1.0,2.0,2048.0
1490,1490,planning-relax,1,64,active,ARFF,130.0,2.0,52.0,2.0,13.0,182.0,0.0,0.0,12.0,1.0,2184.0
1073,1073,jEdit_4.0_4.2,1,2,active,ARFF,140.0,2.0,134.0,2.0,9.0,274.0,0.0,0.0,8.0,1.0,2192.0
949,949,arsenic-female-bladder,2,2,active,ARFF,479.0,43.0,80.0,2.0,5.0,559.0,0.0,0.0,3.0,2.0,2236.0
950,950,arsenic-female-lung,2,2,active,ARFF,540.0,43.0,19.0,2.0,5.0,559.0,0.0,0.0,3.0,2.0,2236.0
947,947,arsenic-male-bladder,2,2,active,ARFF,535.0,43.0,24.0,2.0,5.0,559.0,0.0,0.0,3.0,2.0,2236.0
951,951,arsenic-male-lung,2,2,active,ARFF,546.0,43.0,13.0,2.0,5.0,559.0,0.0,0.0,3.0,2.0,2236.0
973,973,wine,2,2,active,ARFF,107.0,2.0,71.0,2.0,14.0,178.0,0.0,0.0,13.0,1.0,2314.0
1011,1011,ecoli,2,2,active,ARFF,193.0,2.0,143.0,2.0,8.0,336.0,0.0,0.0,7.0,1.0,2352.0
756,756,autoPrice,2,2,active,ARFF,105.0,2.0,54.0,2.0,16.0,159.0,0.0,0.0,15.0,1.0,2385.0
745,745,auto_price,2,2,active,ARFF,105.0,6.0,54.0,2.0,16.0,159.0,0.0,0.0,14.0,2.0,2385.0
900,900,chscase_census6,2,2,active,ARFF,235.0,2.0,165.0,2.0,7.0,400.0,0.0,0.0,6.0,1.0,2400.0
818,818,diggle_table_a2,2,2,active,ARFF,165.0,9.0,145.0,2.0,9.0,310.0,0.0,0.0,7.0,2.0,2480.0
23499,23499,breast-cancer-dropped-missing-attributes-values,1,1336,active,ARFF,196.0,11.0,81.0,2.0,10.0,277.0,0.0,0.0,0.0,10.0,2493.0
997,997,balance-scale,2,2,active,ARFF,337.0,2.0,288.0,2.0,5.0,625.0,0.0,0.0,4.0,1.0,2500.0
889,889,fri_c0_100_25,2,2,active,ARFF,50.0,2.0,50.0,2.0,26.0,100.0,0.0,0.0,25.0,1.0,2500.0
763,763,fri_c0_250_10,2,2,active,ARFF,125.0,2.0,125.0,2.0,11.0,250.0,0.0,0.0,10.0,1.0,2500.0
884,884,fri_c0_500_5,2,2,active,ARFF,251.0,2.0,249.0,2.0,6.0,500.0,0.0,0.0,5.0,1.0,2500.0
812,812,fri_c1_100_25,2,2,active,ARFF,53.0,2.0,47.0,2.0,26.0,100.0,0.0,0.0,25.0,1.0,2500.0
935,935,fri_c1_250_10,2,2,active,ARFF,140.0,2.0,110.0,2.0,11.0,250.0,0.0,0.0,10.0,1.0,2500.0
870,870,fri_c1_500_5,2,2,active,ARFF,267.0,2.0,233.0,2.0,6.0,500.0,0.0,0.0,5.0,1.0,2500.0
775,775,fri_c2_100_25,2,2,active,ARFF,57.0,2.0,43.0,2.0,26.0,100.0,0.0,0.0,25.0,1.0,2500.0
830,830,fri_c2_250_10,2,2,active,ARFF,159.0,2.0,91.0,2.0,11.0,250.0,0.0,0.0,10.0,1.0,2500.0
792,792,fri_c2_500_5,2,2,active,ARFF,298.0,2.0,202.0,2.0,6.0,500.0,0.0,0.0,5.0,1.0,2500.0
768,768,fri_c3_100_25,2,2,active,ARFF,55.0,2.0,45.0,2.0,26.0,100.0,0.0,0.0,25.0,1.0,2500.0
793,793,fri_c3_250_10,2,2,active,ARFF,135.0,2.0,115.0,2.0,11.0,250.0,0.0,0.0,10.0,1.0,2500.0
749,749,fri_c3_500_5,2,2,active,ARFF,263.0,2.0,237.0,2.0,6.0,500.0,0.0,0.0,5.0,1.0,2500.0
868,868,fri_c4_100_25,2,2,active,ARFF,54.0,2.0,46.0,2.0,26.0,100.0,0.0,0.0,25.0,1.0,2500.0
863,863,fri_c4_250_10,2,2,active,ARFF,133.0,2.0,117.0,2.0,11.0,250.0,0.0,0.0,10.0,1.0,2500.0
1167,1167,pc1_req,1,2,active,ARFF,213.0,3.0,107.0,2.0,9.0,320.0,0.0,0.0,7.0,2.0,2560.0
1006,1006,lymph,2,2,active,ARFF,81.0,8.0,67.0,2.0,19.0,148.0,0.0,0.0,3.0,16.0,2664.0
909,909,chscase_census2,2,2,active,ARFF,203.0,2.0,197.0,2.0,8.0,400.0,0.0,0.0,7.0,1.0,2800.0
908,908,chscase_census3,2,2,active,ARFF,208.0,2.0,192.0,2.0,8.0,400.0,0.0,0.0,7.0,1.0,2800.0
907,907,chscase_census4,2,2,active,ARFF,206.0,2.0,194.0,2.0,8.0,400.0,0.0,0.0,7.0,1.0,2800.0
906,906,chscase_census5,2,2,active,ARFF,207.0,2.0,193.0,2.0,8.0,400.0,0.0,0.0,7.0,1.0,2800.0
820,820,chatfield_4,2,2,active,ARFF,142.0,2.0,93.0,2.0,13.0,235.0,0.0,0.0,12.0,1.0,2820.0
880,880,mu284,2,2,active,ARFF,142.0,2.0,142.0,2.0,11.0,284.0,0.0,0.0,10.0,1.0,2840.0
1064,1064,ar6,1,2,active,ARFF,86.0,2.0,15.0,2.0,30.0,101.0,0.0,0.0,29.0,1.0,2929.0
1048,1048,jEdit_4.2_4.3,1,2,active,ARFF,204.0,2.0,165.0,2.0,9.0,369.0,0.0,0.0,8.0,1.0,2952.0
1464,1464,blood-transfusion-service-center,1,64,active,ARFF,570.0,2.0,178.0,2.0,5.0,748.0,0.0,0.0,4.0,1.0,2992.0
1061,1061,ar4,1,2,active,ARFF,87.0,2.0,20.0,2.0,30.0,107.0,0.0,0.0,29.0,1.0,3103.0
1014,1014,analcatdata_dmft,2,2,active,ARFF,642.0,9.0,155.0,2.0,5.0,797.0,0.0,0.0,0.0,5.0,3188.0
1121,1121,badges2,1,2,active,ARFF,210.0,2.0,84.0,2.0,12.0,294.0,0.0,0.0,8.0,4.0,3234.0
335,335,monks-problems-3,1,2,active,ARFF,288.0,4.0,266.0,2.0,7.0,554.0,0.0,0.0,0.0,7.0,3324.0
333,333,monks-problems-1,1,2,active,ARFF,278.0,4.0,278.0,2.0,7.0,556.0,0.0,0.0,0.0,7.0,3336.0
886,886,no2,2,2,active,ARFF,251.0,2.0,249.0,2.0,8.0,500.0,0.0,0.0,7.0,1.0,3500.0
750,750,pm10,2,2,active,ARFF,254.0,2.0,246.0,2.0,8.0,500.0,0.0,0.0,7.0,1.0,3500.0
1059,1059,ar1,1,2,active,ARFF,112.0,2.0,9.0,2.0,30.0,121.0,0.0,0.0,29.0,1.0,3509.0
53,53,heart-statlog,1,1,active,ARFF,150.0,2.0,120.0,2.0,14.0,270.0,0.0,0.0,13.0,1.0,3510.0
1511,1511,wholesale-customers,1,64,active,ARFF,298.0,3.0,142.0,2.0,9.0,440.0,0.0,0.0,7.0,2.0,3520.0
778,778,bodyfat,2,2,active,ARFF,128.0,2.0,124.0,2.0,15.0,252.0,0.0,0.0,14.0,1.0,3528.0
334,334,monks-problems-2,1,2,active,ARFF,395.0,4.0,206.0,2.0,7.0,601.0,0.0,0.0,0.0,7.0,3606.0
770,770,strikes,2,2,active,ARFF,315.0,2.0,310.0,2.0,7.0,625.0,0.0,0.0,6.0,1.0,3750.0
40710,40710,cleve,1,869,active,ARFF,165.0,5.0,138.0,2.0,14.0,303.0,0.0,0.0,5.0,9.0,3939.0
914,914,balloon,2,2,active,ARFF,1519.0,2.0,482.0,2.0,3.0,2001.0,0.0,0.0,2.0,1.0,4002.0
915,915,plasma_retinol,2,2,active,ARFF,182.0,3.0,133.0,2.0,14.0,315.0,0.0,0.0,10.0,4.0,4095.0
1498,1498,sa-heart,1,64,active,ARFF,302.0,2.0,160.0,2.0,10.0,462.0,0.0,0.0,8.0,2.0,4158.0
1488,1488,parkinsons,1,64,active,ARFF,147.0,2.0,48.0,2.0,23.0,195.0,0.0,0.0,22.0,1.0,4290.0
40690,40690,threeOf9,1,869,active,ARFF,274.0,2.0,238.0,2.0,10.0,512.0,0.0,0.0,0.0,10.0,4608.0
1441,1441,KungChi3,1,427,active,ARFF,107.0,2.0,16.0,2.0,40.0,123.0,0.0,0.0,39.0,1.0,4797.0
1450,1450,MindCave2,1,427,active,ARFF,81.0,2.0,44.0,2.0,40.0,125.0,0.0,0.0,39.0,1.0,4875.0
799,799,fri_c0_1000_5,2,2,active,ARFF,503.0,2.0,497.0,2.0,6.0,1000.0,0.0,0.0,5.0,1.0,5000.0
850,850,fri_c0_100_50,2,2,active,ARFF,51.0,2.0,49.0,2.0,51.0,100.0,0.0,0.0,50.0,1.0,5000.0
943,943,fri_c0_500_10,2,2,active,ARFF,259.0,2.0,241.0,2.0,11.0,500.0,0.0,0.0,10.0,1.0,5000.0
743,743,fri_c1_1000_5,2,2,active,ARFF,543.0,2.0,457.0,2.0,6.0,1000.0,0.0,0.0,5.0,1.0,5000.0
876,876,fri_c1_100_50,2,2,active,ARFF,56.0,2.0,44.0,2.0,51.0,100.0,0.0,0.0,50.0,1.0,5000.0
824,824,fri_c1_500_10,2,2,active,ARFF,274.0,2.0,226.0,2.0,11.0,500.0,0.0,0.0,10.0,1.0,5000.0
912,912,fri_c2_1000_5,2,2,active,ARFF,584.0,2.0,416.0,2.0,6.0,1000.0,0.0,0.0,5.0,1.0,5000.0
922,922,fri_c2_100_50,2,2,active,ARFF,58.0,2.0,42.0,2.0,51.0,100.0,0.0,0.0,50.0,1.0,5000.0
869,869,fri_c2_500_10,2,2,active,ARFF,286.0,2.0,214.0,2.0,11.0,500.0,0.0,0.0,10.0,1.0,5000.0
813,813,fri_c3_1000_5,2,2,active,ARFF,563.0,2.0,437.0,2.0,6.0,1000.0,0.0,0.0,5.0,1.0,5000.0
716,716,fri_c3_100_50,2,2,active,ARFF,62.0,2.0,38.0,2.0,51.0,100.0,0.0,0.0,50.0,1.0,5000.0
936,936,fri_c3_500_10,2,2,active,ARFF,272.0,2.0,228.0,2.0,11.0,500.0,0.0,0.0,10.0,1.0,5000.0
932,932,fri_c4_100_50,2,2,active,ARFF,56.0,2.0,44.0,2.0,51.0,100.0,0.0,0.0,50.0,1.0,5000.0
855,855,fri_c4_500_10,2,2,active,ARFF,276.0,2.0,224.0,2.0,11.0,500.0,0.0,0.0,10.0,1.0,5000.0
717,717,rmftsa_ladata,2,2,active,ARFF,286.0,2.0,222.0,2.0,11.0,508.0,0.0,0.0,10.0,1.0,5080.0
1412,1412,lungcancer_GSE31210,1,29,active,ARFF,191.0,2.0,35.0,2.0,24.0,226.0,0.0,0.0,21.0,3.0,5198.0
1462,1462,banknote-authentication,1,64,active,ARFF,762.0,2.0,610.0,2.0,5.0,1372.0,0.0,0.0,4.0,1.0,5488.0
1012,1012,flags,2,2,active,ARFF,125.0,14.0,69.0,2.0,30.0,194.0,0.0,0.0,2.0,28.0,5626.0
463,463,backache,1,2,active,ARFF,155.0,10.0,25.0,2.0,33.0,180.0,0.0,0.0,6.0,27.0,5760.0
934,934,socmob,2,2,active,ARFF,900.0,17.0,256.0,2.0,6.0,1156.0,0.0,0.0,1.0,5.0,5780.0
1480,1480,ilpd,1,64,active,ARFF,416.0,2.0,167.0,2.0,11.0,583.0,0.0,0.0,9.0,2.0,5830.0
41945,41945,ilpd-numeric,2,8684,active,ARFF,416.0,2.0,167.0,2.0,11.0,583.0,0.0,0.0,10.0,1.0,5830.0
336,336,SPECT,1,2,active,ARFF,212.0,2.0,55.0,2.0,23.0,267.0,0.0,0.0,0.0,23.0,5874.0
37,37,diabetes,1,1,active,ARFF,500.0,2.0,268.0,2.0,9.0,768.0,0.0,0.0,8.0,1.0,6144.0
164,164,molecular-biology_promoters,1,1,active,ARFF,53.0,4.0,53.0,2.0,59.0,106.0,0.0,0.0,0.0,59.0,6148.0
753,753,wisconsin,2,2,active,ARFF,104.0,2.0,90.0,2.0,33.0,194.0,0.0,0.0,32.0,1.0,6208.0
773,773,fri_c0_250_25,2,2,active,ARFF,126.0,2.0,124.0,2.0,26.0,250.0,0.0,0.0,25.0,1.0,6250.0
746,746,fri_c1_250_25,2,2,active,ARFF,143.0,2.0,107.0,2.0,26.0,250.0,0.0,0.0,25.0,1.0,6250.0
794,794,fri_c2_250_25,2,2,active,ARFF,139.0,2.0,111.0,2.0,26.0,250.0,0.0,0.0,25.0,1.0,6250.0
832,832,fri_c3_250_25,2,2,active,ARFF,139.0,2.0,111.0,2.0,26.0,250.0,0.0,0.0,25.0,1.0,6250.0
933,933,fri_c4_250_25,2,2,active,ARFF,136.0,2.0,114.0,2.0,26.0,250.0,0.0,0.0,25.0,1.0,6250.0
1054,1054,mc2,1,2,active,ARFF,109.0,2.0,52.0,2.0,40.0,161.0,0.0,0.0,39.0,1.0,6279.0
826,826,sensory,2,2,active,ARFF,337.0,6.0,239.0,2.0,12.0,576.0,0.0,0.0,0.0,12.0,6336.0
772,772,quake,3,2,active,ARFF,1209.0,2.0,969.0,2.0,4.0,2178.0,0.0,0.0,3.0,1.0,6534.0
853,853,boston,2,2,active,ARFF,297.0,2.0,209.0,2.0,14.0,506.0,0.0,0.0,12.0,2.0,6578.0
40704,40704,Titanic,2,869,active,ARFF,1490.0,2.0,711.0,2.0,4.0,2201.0,0.0,0.0,3.0,1.0,6603.0
1506,1506,thoracic-surgery,1,64,active,ARFF,400.0,7.0,70.0,2.0,17.0,470.0,0.0,0.0,3.0,14.0,7520.0
4329,4329,thoracic_surgery,1,874,active,ARFF,400.0,7.0,70.0,2.0,17.0,470.0,0.0,0.0,3.0,14.0,7520.0
1448,1448,KnuggetChase3,1,427,active,ARFF,158.0,2.0,36.0,2.0,40.0,194.0,0.0,0.0,39.0,1.0,7566.0
841,841,stock,2,2,active,ARFF,488.0,2.0,462.0,2.0,10.0,950.0,0.0,0.0,9.0,1.0,8550.0
50,50,tic-tac-toe,1,1,active,ARFF,626.0,3.0,332.0,2.0,10.0,958.0,0.0,0.0,0.0,10.0,8622.0
40693,40693,xd6,1,869,active,ARFF,651.0,2.0,322.0,2.0,10.0,973.0,0.0,0.0,0.0,10.0,8757.0
1449,1449,MeanWhile1,1,427,active,ARFF,226.0,2.0,27.0,2.0,38.0,253.0,0.0,0.0,37.0,1.0,9361.0
1442,1442,MegaWatt1,1,427,active,ARFF,226.0,2.0,27.0,2.0,38.0,253.0,0.0,0.0,37.0,1.0,9361.0
40981,40981,Australian,4,4265,active,ARFF,383.0,14.0,307.0,2.0,15.0,690.0,0.0,0.0,6.0,9.0,9660.0
845,845,fri_c0_1000_10,2,2,active,ARFF,509.0,2.0,491.0,2.0,11.0,1000.0,0.0,0.0,10.0,1.0,10000.0
910,910,fri_c1_1000_10,2,2,active,ARFF,564.0,2.0,436.0,2.0,11.0,1000.0,0.0,0.0,10.0,1.0,10000.0
913,913,fri_c2_1000_10,2,2,active,ARFF,580.0,2.0,420.0,2.0,11.0,1000.0,0.0,0.0,10.0,1.0,10000.0
740,740,fri_c3_1000_10,2,2,active,ARFF,560.0,2.0,440.0,2.0,11.0,1000.0,0.0,0.0,10.0,1.0,10000.0
751,751,fri_c4_1000_10,2,2,active,ARFF,560.0,2.0,440.0,2.0,11.0,1000.0,0.0,0.0,10.0,1.0,10000.0
828,828,fri_c4_100_100,2,2,active,ARFF,53.0,2.0,47.0,2.0,101.0,100.0,0.0,0.0,100.0,1.0,10000.0
825,825,boston_corrected,2,2,active,ARFF,283.0,92.0,223.0,2.0,21.0,506.0,0.0,0.0,17.0,4.0,10120.0
991,991,car,2,2,active,ARFF,1210.0,4.0,518.0,2.0,7.0,1728.0,0.0,0.0,0.0,7.0,10368.0
1460,1460,banana,1,64,active,ARFF,2924.0,2.0,2376.0,2.0,3.0,5300.0,0.0,0.0,2.0,1.0,10600.0
40702,40702,solar-flare,5,869,active,ARFF,884.0,6.0,182.0,2.0,11.0,1066.0,0.0,0.0,0.0,11.0,10660.0
1467,1467,climate-model-simulation-crashes,1,64,active,ARFF,494.0,2.0,46.0,2.0,21.0,540.0,0.0,0.0,20.0,1.0,10800.0
1446,1446,CostaMadre1,2,427,active,ARFF,258.0,2.0,38.0,2.0,38.0,296.0,0.0,0.0,37.0,1.0,10952.0
1063,1063,kc2,1,2,active,ARFF,415.0,2.0,107.0,2.0,22.0,522.0,0.0,0.0,21.0,1.0,10962.0
788,788,triazines,2,2,active,ARFF,109.0,2.0,77.0,2.0,61.0,186.0,0.0,0.0,60.0,1.0,11160.0
40706,40706,parity5_plus_5,1,869,active,ARFF,567.0,2.0,557.0,2.0,11.0,1124.0,0.0,0.0,0.0,11.0,11240.0
987,987,collins,2,2,active,ARFF,420.0,15.0,80.0,2.0,24.0,500.0,0.0,0.0,20.0,4.0,11500.0
59,59,ionosphere,1,1,active,ARFF,225.0,2.0,126.0,2.0,35.0,351.0,0.0,0.0,34.0,1.0,11934.0
962,962,mfeat-morphological,2,2,active,ARFF,1800.0,2.0,200.0,2.0,7.0,2000.0,0.0,0.0,6.0,1.0,12000.0
1447,1447,CastMetal1,1,427,active,ARFF,285.0,2.0,42.0,2.0,38.0,327.0,0.0,0.0,37.0,1.0,12099.0
41976,41976,TuningSVMs,1,64,active,ARFF,102.0,2.0,54.0,2.0,81.0,156.0,0.0,0.0,80.0,1.0,12480.0
40,40,sonar,1,1,active,ARFF,111.0,2.0,97.0,2.0,61.0,208.0,0.0,0.0,60.0,1.0,12480.0
732,732,fri_c0_250_50,2,2,active,ARFF,133.0,2.0,117.0,2.0,51.0,250.0,0.0,0.0,50.0,1.0,12500.0
926,926,fri_c0_500_25,2,2,active,ARFF,255.0,2.0,245.0,2.0,26.0,500.0,0.0,0.0,25.0,1.0,12500.0
769,769,fri_c1_250_50,2,2,active,ARFF,137.0,2.0,113.0,2.0,51.0,250.0,0.0,0.0,50.0,1.0,12500.0
779,779,fri_c1_500_25,2,2,active,ARFF,267.0,2.0,233.0,2.0,26.0,500.0,0.0,0.0,25.0,1.0,12500.0
877,877,fri_c2_250_50,2,2,active,ARFF,137.0,2.0,113.0,2.0,51.0,250.0,0.0,0.0,50.0,1.0,12500.0
879,879,fri_c2_500_25,2,2,active,ARFF,304.0,2.0,196.0,2.0,26.0,500.0,0.0,0.0,25.0,1.0,12500.0
873,873,fri_c3_250_50,2,2,active,ARFF,142.0,2.0,108.0,2.0,51.0,250.0,0.0,0.0,50.0,1.0,12500.0
896,896,fri_c3_500_25,2,2,active,ARFF,280.0,2.0,220.0,2.0,26.0,500.0,0.0,0.0,25.0,1.0,12500.0
918,918,fri_c4_250_50,2,2,active,ARFF,135.0,2.0,115.0,2.0,51.0,250.0,0.0,0.0,50.0,1.0,12500.0
838,838,fri_c4_500_25,2,2,active,ARFF,284.0,2.0,216.0,2.0,26.0,500.0,0.0,0.0,25.0,1.0,12500.0
1016,1016,vowel,3,2,active,ARFF,900.0,15.0,90.0,2.0,14.0,990.0,0.0,0.0,10.0,4.0,12870.0
40680,40680,mofn-3-7-10,1,869,active,ARFF,1032.0,2.0,292.0,2.0,11.0,1324.0,0.0,0.0,0.0,11.0,13240.0
983,983,cmc,2,2,active,ARFF,844.0,4.0,629.0,2.0,10.0,1473.0,0.0,0.0,2.0,8.0,13257.0
1066,1066,kc1-binary,1,2,active,ARFF,85.0,2.0,60.0,2.0,95.0,145.0,0.0,0.0,94.0,1.0,13630.0
1045,1045,kc1-top5,1,2,active,ARFF,137.0,2.0,8.0,2.0,95.0,145.0,0.0,0.0,94.0,1.0,13630.0
1071,1071,mw1,1,2,active,ARFF,372.0,2.0,31.0,2.0,38.0,403.0,0.0,0.0,37.0,1.0,14911.0
994,994,vehicle,2,2,active,ARFF,628.0,2.0,218.0,2.0,19.0,846.0,0.0,0.0,18.0,1.0,15228.0
337,337,SPECTF,1,2,active,ARFF,254.0,2.0,95.0,2.0,45.0,349.0,0.0,0.0,44.0,1.0,15356.0
1510,1510,wdbc,1,64,active,ARFF,357.0,2.0,212.0,2.0,31.0,569.0,0.0,0.0,30.0,1.0,17070.0
1065,1065,kc3,1,2,active,ARFF,415.0,2.0,43.0,2.0,40.0,458.0,0.0,0.0,39.0,1.0,17862.0
737,737,space_ga,2,2,active,ARFF,1566.0,2.0,1541.0,2.0,7.0,3107.0,0.0,0.0,6.0,1.0,18642.0
871,871,pollen,2,2,active,ARFF,1924.0,2.0,1924.0,2.0,6.0,3848.0,0.0,0.0,5.0,1.0,19240.0
1547,1547,autoUniv-au1-1000,1,64,active,ARFF,741.0,2.0,259.0,2.0,21.0,1000.0,0.0,0.0,20.0,1.0,20000.0
31,31,credit-g,1,1,active,ARFF,700.0,10.0,300.0,2.0,21.0,1000.0,0.0,0.0,7.0,14.0,20000.0
41829,41829,FOREX_nzdusd-day-Close,1,1,active,arff,939.0,2.0,889.0,2.0,12.0,1828.0,0.0,0.0,11.0,1.0,20108.0
41830,41830,FOREX_nzdusd-day-High,1,1,active,arff,939.0,2.0,889.0,2.0,12.0,1828.0,0.0,0.0,11.0,1.0,20108.0
41811,41811,FOREX_cadchf-day-Close,1,1,active,arff,949.0,2.0,882.0,2.0,12.0,1831.0,0.0,0.0,11.0,1.0,20141.0
41746,41746,FOREX_cadchf-day-High,1,1,active,arff,945.0,2.0,886.0,2.0,12.0,1831.0,0.0,0.0,11.0,1.0,20141.0
41857,41857,FOREX_audjpy-day-Close,1,1,active,arff,957.0,2.0,875.0,2.0,12.0,1832.0,0.0,0.0,11.0,1.0,20152.0
41882,41882,FOREX_audjpy-day-High,1,1,active,arff,941.0,2.0,891.0,2.0,12.0,1832.0,0.0,0.0,11.0,1.0,20152.0
41867,41867,FOREX_audnzd-day-Close,1,1,active,arff,950.0,2.0,882.0,2.0,12.0,1832.0,0.0,0.0,11.0,1.0,20152.0
41788,41788,FOREX_audnzd-day-High,1,1,active,arff,1003.0,2.0,829.0,2.0,12.0,1832.0,0.0,0.0,11.0,1.0,20152.0
41849,41849,FOREX_audsgd-day-Close,1,1,active,arff,923.0,2.0,909.0,2.0,12.0,1832.0,0.0,0.0,11.0,1.0,20152.0
41756,41756,FOREX_audsgd-day-High,1,1,active,arff,930.0,2.0,902.0,2.0,12.0,1832.0,0.0,0.0,11.0,1.0,20152.0
41724,41724,FOREX_chfjpy-day-Close,1,1,active,arff,921.0,2.0,911.0,2.0,12.0,1832.0,0.0,0.0,11.0,1.0,20152.0
41848,41848,FOREX_chfjpy-day-High,1,1,active,arff,936.0,2.0,896.0,2.0,12.0,1832.0,0.0,0.0,11.0,1.0,20152.0
41841,41841,FOREX_chfsgd-day-Close,1,1,active,arff,933.0,2.0,899.0,2.0,12.0,1832.0,0.0,0.0,11.0,1.0,20152.0
41864,41864,FOREX_chfsgd-day-High,1,1,active,arff,999.0,2.0,833.0,2.0,12.0,1832.0,0.0,0.0,11.0,1.0,20152.0
41872,41872,FOREX_eurhkd-day-Close,1,1,active,arff,917.0,2.0,915.0,2.0,12.0,1832.0,0.0,0.0,11.0,1.0,20152.0
41733,41733,FOREX_eurhkd-day-High,1,1,active,arff,960.0,2.0,872.0,2.0,12.0,1832.0,0.0,0.0,11.0,1.0,20152.0
41754,41754,FOREX_eurjpy-day-Close,1,1,active,arff,936.0,2.0,896.0,2.0,12.0,1832.0,0.0,0.0,11.0,1.0,20152.0
41719,41719,FOREX_eurjpy-day-High,1,1,active,arff,935.0,2.0,897.0,2.0,12.0,1832.0,0.0,0.0,11.0,1.0,20152.0
41826,41826,FOREX_eurnzd-day-Close,1,1,active,arff,955.0,2.0,877.0,2.0,12.0,1832.0,0.0,0.0,11.0,1.0,20152.0
41713,41713,FOREX_eurnzd-day-High,1,1,active,arff,955.0,2.0,877.0,2.0,12.0,1832.0,0.0,0.0,11.0,1.0,20152.0
41821,41821,FOREX_eurpln-day-Close,1,1,active,arff,935.0,2.0,897.0,2.0,12.0,1832.0,0.0,0.0,11.0,1.0,20152.0
41868,41868,FOREX_eurpln-day-High,1,1,active,arff,969.0,2.0,863.0,2.0,12.0,1832.0,0.0,0.0,11.0,1.0,20152.0
41815,41815,FOREX_eurrub-day-Close,1,1,active,arff,918.0,2.0,914.0,2.0,12.0,1832.0,0.0,0.0,11.0,1.0,20152.0
41744,41744,FOREX_eurrub-day-High,1,1,active,arff,944.0,2.0,888.0,2.0,12.0,1832.0,0.0,0.0,11.0,1.0,20152.0
41874,41874,FOREX_eursgd-day-Close,1,1,active,arff,924.0,2.0,908.0,2.0,12.0,1832.0,0.0,0.0,11.0,1.0,20152.0
41801,41801,FOREX_eursgd-day-High,1,1,active,arff,950.0,2.0,882.0,2.0,12.0,1832.0,0.0,0.0,11.0,1.0,20152.0
41765,41765,FOREX_eurtry-day-Close,1,1,active,arff,935.0,2.0,897.0,2.0,12.0,1832.0,0.0,0.0,11.0,1.0,20152.0
41785,41785,FOREX_eurtry-day-High,1,1,active,arff,932.0,2.0,900.0,2.0,12.0,1832.0,0.0,0.0,11.0,1.0,20152.0
41897,41897,FOREX_usddkk-day-Close,1,1,active,arff,916.0,2.0,916.0,2.0,12.0,1832.0,0.0,0.0,11.0,1.0,20152.0
41707,41707,FOREX_usddkk-day-High,1,1,active,arff,940.0,2.0,892.0,2.0,12.0,1832.0,0.0,0.0,11.0,1.0,20152.0
41740,41740,FOREX_audchf-day-Close,1,1,active,arff,925.0,2.0,908.0,2.0,12.0,1833.0,0.0,0.0,11.0,1.0,20163.0
41875,41875,FOREX_audchf-day-High,1,1,active,arff,929.0,2.0,904.0,2.0,12.0,1833.0,0.0,0.0,11.0,1.0,20163.0
41894,41894,FOREX_eurchf-day-Close,1,1,active,arff,952.0,2.0,881.0,2.0,12.0,1833.0,0.0,0.0,11.0,1.0,20163.0
41803,41803,FOREX_eurchf-day-High,1,1,active,arff,978.0,2.0,855.0,2.0,12.0,1833.0,0.0,0.0,11.0,1.0,20163.0
41834,41834,FOREX_usdcad-day-Close,1,1,active,arff,960.0,2.0,873.0,2.0,12.0,1833.0,0.0,0.0,11.0,1.0,20163.0
41753,41753,FOREX_usdcad-day-High,1,1,active,arff,921.0,2.0,912.0,2.0,12.0,1833.0,0.0,0.0,11.0,1.0,20163.0
41769,41769,FOREX_audcad-day-Close,1,1,active,arff,935.0,2.0,899.0,2.0,12.0,1834.0,0.0,0.0,11.0,1.0,20174.0
41721,41721,FOREX_audcad-day-High,1,1,active,arff,931.0,2.0,903.0,2.0,12.0,1834.0,0.0,0.0,11.0,1.0,20174.0
41737,41737,FOREX_audusd-day-Close,1,1,active,arff,922.0,2.0,912.0,2.0,12.0,1834.0,0.0,0.0,11.0,1.0,20174.0
41726,41726,FOREX_audusd-day-High,1,1,active,arff,958.0,2.0,876.0,2.0,12.0,1834.0,0.0,0.0,11.0,1.0,20174.0
41790,41790,FOREX_cadjpy-day-Close,1,1,active,arff,923.0,2.0,911.0,2.0,12.0,1834.0,0.0,0.0,11.0,1.0,20174.0
41839,41839,FOREX_cadjpy-day-High,1,1,active,arff,920.0,2.0,914.0,2.0,12.0,1834.0,0.0,0.0,11.0,1.0,20174.0
41818,41818,FOREX_euraud-day-Close,1,1,active,arff,946.0,2.0,888.0,2.0,12.0,1834.0,0.0,0.0,11.0,1.0,20174.0
41866,41866,FOREX_euraud-day-High,1,1,active,arff,934.0,2.0,900.0,2.0,12.0,1834.0,0.0,0.0,11.0,1.0,20174.0
41716,41716,FOREX_eurcad-day-Close,1,1,active,arff,950.0,2.0,884.0,2.0,12.0,1834.0,0.0,0.0,11.0,1.0,20174.0
41725,41725,FOREX_eurcad-day-High,1,1,active,arff,933.0,2.0,901.0,2.0,12.0,1834.0,0.0,0.0,11.0,1.0,20174.0
41750,41750,FOREX_eurhuf-day-Close,1,1,active,arff,929.0,2.0,905.0,2.0,12.0,1834.0,0.0,0.0,11.0,1.0,20174.0
41760,41760,FOREX_eurhuf-day-High,1,1,active,arff,953.0,2.0,881.0,2.0,12.0,1834.0,0.0,0.0,11.0,1.0,20174.0
41784,41784,FOREX_gbpusd-day-Close,1,1,active,arff,932.0,2.0,902.0,2.0,12.0,1834.0,0.0,0.0,11.0,1.0,20174.0
41764,41764,FOREX_gbpusd-day-High,1,1,active,arff,937.0,2.0,897.0,2.0,12.0,1834.0,0.0,0.0,11.0,1.0,20174.0
41844,41844,FOREX_eurgbp-day-Close,1,1,active,arff,935.0,2.0,900.0,2.0,12.0,1835.0,0.0,0.0,11.0,1.0,20185.0
41766,41766,FOREX_eurgbp-day-High,1,1,active,arff,938.0,2.0,897.0,2.0,12.0,1835.0,0.0,0.0,11.0,1.0,20185.0
41858,41858,FOREX_usdchf-day-Close,1,1,active,arff,951.0,2.0,884.0,2.0,12.0,1835.0,0.0,0.0,11.0,1.0,20185.0
41730,41730,FOREX_usdchf-day-High,1,1,active,arff,919.0,2.0,916.0,2.0,12.0,1835.0,0.0,0.0,11.0,1.0,20185.0
41722,41722,FOREX_usdjpy-day-Close,1,1,active,arff,933.0,2.0,902.0,2.0,12.0,1835.0,0.0,0.0,11.0,1.0,20185.0
41797,41797,FOREX_usdjpy-day-High,1,1,active,arff,921.0,2.0,914.0,2.0,12.0,1835.0,0.0,0.0,11.0,1.0,20185.0
41783,41783,FOREX_eurdkk-day-Close,1,1,active,arff,956.0,2.0,880.0,2.0,12.0,1836.0,0.0,0.0,11.0,1.0,20196.0
41847,41847,FOREX_eurdkk-day-High,1,1,active,arff,939.0,2.0,897.0,2.0,12.0,1836.0,0.0,0.0,11.0,1.0,20196.0
41812,41812,FOREX_eurnok-day-Close,1,1,active,arff,921.0,2.0,916.0,2.0,12.0,1837.0,0.0,0.0,11.0,1.0,20207.0
41863,41863,FOREX_eurnok-day-High,1,1,active,arff,950.0,2.0,887.0,2.0,12.0,1837.0,0.0,0.0,11.0,1.0,20207.0
41846,41846,FOREX_eursek-day-Close,1,1,active,arff,925.0,2.0,912.0,2.0,12.0,1837.0,0.0,0.0,11.0,1.0,20207.0
41731,41731,FOREX_eursek-day-High,1,1,active,arff,946.0,2.0,891.0,2.0,12.0,1837.0,0.0,0.0,11.0,1.0,20207.0
41791,41791,FOREX_eurusd-day-Close,1,1,active,arff,926.0,2.0,911.0,2.0,12.0,1837.0,0.0,0.0,11.0,1.0,20207.0
41720,41720,FOREX_eurusd-day-High,1,1,active,arff,957.0,2.0,880.0,2.0,12.0,1837.0,0.0,0.0,11.0,1.0,20207.0
1068,1068,pc1,1,2,active,ARFF,1032.0,2.0,77.0,2.0,22.0,1109.0,0.0,0.0,21.0,1.0,23289.0
40983,40983,wilt,2,4265,active,ARFF,4578.0,2.0,261.0,2.0,6.0,4839.0,0.0,0.0,5.0,1.0,24195.0
1443,1443,PizzaCutter1,1,427,active,ARFF,609.0,2.0,52.0,2.0,38.0,661.0,0.0,0.0,37.0,1.0,24457.0
849,849,fri_c0_1000_25,2,2,active,ARFF,503.0,2.0,497.0,2.0,26.0,1000.0,0.0,0.0,25.0,1.0,25000.0
888,888,fri_c0_500_50,2,2,active,ARFF,256.0,2.0,244.0,2.0,51.0,500.0,0.0,0.0,50.0,1.0,25000.0
917,917,fri_c1_1000_25,2,2,active,ARFF,546.0,2.0,454.0,2.0,26.0,1000.0,0.0,0.0,25.0,1.0,25000.0
766,766,fri_c1_500_50,2,2,active,ARFF,262.0,2.0,238.0,2.0,51.0,500.0,0.0,0.0,50.0,1.0,25000.0
903,903,fri_c2_1000_25,2,2,active,ARFF,563.0,2.0,437.0,2.0,26.0,1000.0,0.0,0.0,25.0,1.0,25000.0
920,920,fri_c2_500_50,2,2,active,ARFF,295.0,2.0,205.0,2.0,51.0,500.0,0.0,0.0,50.0,1.0,25000.0
715,715,fri_c3_1000_25,2,2,active,ARFF,557.0,2.0,443.0,2.0,26.0,1000.0,0.0,0.0,25.0,1.0,25000.0
937,937,fri_c3_500_50,2,2,active,ARFF,282.0,2.0,218.0,2.0,51.0,500.0,0.0,0.0,50.0,1.0,25000.0
723,723,fri_c4_1000_25,2,2,active,ARFF,547.0,2.0,453.0,2.0,26.0,1000.0,0.0,0.0,25.0,1.0,25000.0
834,834,fri_c4_250_100,2,2,active,ARFF,140.0,2.0,110.0,2.0,101.0,250.0,0.0,0.0,100.0,1.0,25000.0
805,805,fri_c4_500_50,2,2,active,ARFF,264.0,2.0,236.0,2.0,51.0,500.0,0.0,0.0,50.0,1.0,25000.0
1451,1451,PieChart1,1,427,active,ARFF,644.0,2.0,61.0,2.0,38.0,705.0,0.0,0.0,37.0,1.0,26085.0
1452,1452,PieChart2,1,427,active,ARFF,729.0,2.0,16.0,2.0,37.0,745.0,0.0,0.0,36.0,1.0,26820.0
1489,1489,phoneme,1,64,active,ARFF,3818.0,2.0,1586.0,2.0,6.0,5404.0,0.0,0.0,5.0,1.0,27020.0
728,728,analcatdata_supreme,2,2,active,ARFF,3081.0,2.0,971.0,2.0,8.0,4052.0,0.0,0.0,7.0,1.0,28364.0
40646,40646,GAMETES_Epistasis_2-Way_20atts_0.1H_EDM-1_1,1,869,active,ARFF,800.0,3.0,800.0,2.0,21.0,1600.0,0.0,0.0,0.0,21.0,32000.0
40647,40647,GAMETES_Epistasis_2-Way_20atts_0.4H_EDM-1_1,1,869,active,ARFF,800.0,3.0,800.0,2.0,21.0,1600.0,0.0,0.0,0.0,21.0,32000.0
40648,40648,GAMETES_Epistasis_3-Way_20atts_0.2H_EDM-1_1,1,869,active,ARFF,800.0,3.0,800.0,2.0,21.0,1600.0,0.0,0.0,0.0,21.0,32000.0
40649,40649,GAMETES_Heterogeneity_20atts_1600_Het_0.4_0.2_50_EDM-2_001,1,869,active,ARFF,800.0,3.0,800.0,2.0,21.0,1600.0,0.0,0.0,0.0,21.0,32000.0
40650,40650,GAMETES_Heterogeneity_20atts_1600_Het_0.4_0.2_75_EDM-2_001,1,869,active,ARFF,800.0,3.0,800.0,2.0,21.0,1600.0,0.0,0.0,0.0,21.0,32000.0
720,720,abalone,2,2,active,ARFF,2096.0,3.0,2081.0,2.0,9.0,4177.0,0.0,0.0,7.0,2.0,33416.0
923,923,visualizing_soil,2,2,active,ARFF,4753.0,2.0,3888.0,2.0,5.0,8641.0,0.0,0.0,3.0,2.0,34564.0
803,803,delta_ailerons,1,2,active,ARFF,3783.0,2.0,3346.0,2.0,6.0,7129.0,0.0,0.0,5.0,1.0,35645.0
1004,1004,synthetic_control,2,2,active,ARFF,500.0,2.0,100.0,2.0,62.0,600.0,0.0,0.0,60.0,2.0,36600.0
1444,1444,PizzaCutter3,1,427,active,ARFF,916.0,2.0,127.0,2.0,38.0,1043.0,0.0,0.0,37.0,1.0,38591.0
1453,1453,PieChart3,1,427,active,ARFF,943.0,2.0,134.0,2.0,38.0,1077.0,0.0,0.0,37.0,1.0,39849.0
40705,40705,tokyo1,1,869,active,ARFF,613.0,2.0,346.0,2.0,45.0,959.0,0.0,0.0,42.0,3.0,42196.0
1494,1494,qsar-biodeg,1,64,active,ARFF,699.0,2.0,356.0,2.0,42.0,1055.0,0.0,0.0,41.0,1.0,43255.0
958,958,segment,2,2,active,ARFF,1980.0,2.0,330.0,2.0,20.0,2310.0,0.0,0.0,19.0,1.0,43890.0
1067,1067,kc1,1,2,active,ARFF,1783.0,2.0,326.0,2.0,22.0,2109.0,0.0,0.0,21.0,1.0,44289.0
40589,40589,emotions,3,2373,active,ARFF,420.0,2.0,173.0,2.0,78.0,593.0,0.0,0.0,72.0,6.0,45661.0
311,311,oil_spill,1,94,active,ARFF,896.0,2.0,41.0,2.0,50.0,937.0,0.0,0.0,49.0,1.0,45913.0
904,904,fri_c0_1000_50,2,2,active,ARFF,510.0,2.0,490.0,2.0,51.0,1000.0,0.0,0.0,50.0,1.0,50000.0
837,837,fri_c1_1000_50,2,2,active,ARFF,547.0,2.0,453.0,2.0,51.0,1000.0,0.0,0.0,50.0,1.0,50000.0
866,866,fri_c2_1000_50,2,2,active,ARFF,582.0,2.0,418.0,2.0,51.0,1000.0,0.0,0.0,50.0,1.0,50000.0
806,806,fri_c3_1000_50,2,2,active,ARFF,555.0,2.0,445.0,2.0,51.0,1000.0,0.0,0.0,50.0,1.0,50000.0
797,797,fri_c4_1000_50,2,2,active,ARFF,560.0,2.0,440.0,2.0,51.0,1000.0,0.0,0.0,50.0,1.0,50000.0
742,742,fri_c4_500_100,2,2,active,ARFF,283.0,2.0,217.0,2.0,101.0,500.0,0.0,0.0,100.0,1.0,50000.0
1049,1049,pc4,1,2,active,ARFF,1280.0,2.0,178.0,2.0,38.0,1458.0,0.0,0.0,37.0,1.0,53946.0
1021,1021,page-blocks,2,2,active,ARFF,4913.0,2.0,560.0,2.0,11.0,5473.0,0.0,0.0,10.0,1.0,54730.0
819,819,delta_elevators,3,2,active,ARFF,4785.0,2.0,4732.0,2.0,7.0,9517.0,0.0,0.0,6.0,1.0,57102.0
1050,1050,pc3,1,2,active,ARFF,1403.0,2.0,160.0,2.0,38.0,1563.0,0.0,0.0,37.0,1.0,57831.0
970,970,analcatdata_authorship,2,2,active,ARFF,524.0,2.0,317.0,2.0,71.0,841.0,0.0,0.0,70.0,1.0,58870.0
1504,1504,steel-plates-fault,1,64,active,ARFF,1268.0,2.0,673.0,2.0,34.0,1941.0,0.0,0.0,33.0,1.0,64053.0
725,725,bank8FM,2,2,active,ARFF,4885.0,2.0,3307.0,2.0,9.0,8192.0,0.0,0.0,8.0,1.0,65536.0
807,807,kin8nm,2,2,active,ARFF,4168.0,2.0,4024.0,2.0,9.0,8192.0,0.0,0.0,8.0,1.0,65536.0
816,816,puma8NH,2,2,active,ARFF,4114.0,2.0,4078.0,2.0,9.0,8192.0,0.0,0.0,8.0,1.0,65536.0
310,310,mammography,1,94,active,ARFF,10923.0,2.0,260.0,2.0,7.0,11183.0,0.0,0.0,6.0,1.0,67098.0
42192,42192,compas-two-years,3,10483,active,ARFF,2795.0,2.0,2483.0,2.0,14.0,5278.0,0.0,0.0,7.0,7.0,68614.0
1046,1046,mozilla4,1,2,active,ARFF,10437.0,2.0,5108.0,2.0,6.0,15545.0,0.0,0.0,5.0,1.0,77725.0
847,847,wind,2,2,active,ARFF,3501.0,2.0,3073.0,2.0,15.0,6574.0,0.0,0.0,14.0,1.0,92036.0
995,995,mfeat-zernike,2,2,active,ARFF,1800.0,2.0,200.0,2.0,48.0,2000.0,0.0,0.0,47.0,1.0,94000.0
735,735,cpu_small,3,2,active,ARFF,5715.0,2.0,2477.0,2.0,13.0,8192.0,0.0,0.0,12.0,1.0,98304.0
40701,40701,churn,1,869,active,ARFF,4293.0,10.0,707.0,2.0,21.0,5000.0,0.0,0.0,16.0,5.0,100000.0
718,718,fri_c4_1000_100,2,2,active,ARFF,564.0,2.0,436.0,2.0,101.0,1000.0,0.0,0.0,100.0,1.0,100000.0
41146,41146,sylvine,1,1478,active,ARFF,2562.0,2.0,2562.0,2.0,21.0,5124.0,0.0,0.0,20.0,1.0,102480.0
959,959,nursery,2,2,active,ARFF,8640.0,5.0,4320.0,2.0,9.0,12960.0,0.0,0.0,0.0,9.0,103680.0
40999,40999,jungle_chess_2pcs_endgame_elephant_elephant,1,1,active,arff,1316.0,3.0,1035.0,2.0,47.0,2351.0,0.0,0.0,20.0,27.0,108146.0
41007,41007,jungle_chess_2pcs_endgame_lion_lion,1,1,active,arff,1403.0,3.0,949.0,2.0,47.0,2352.0,0.0,0.0,20.0,27.0,108192.0
41946,41946,Sick_numeric,2,8684,active,ARFF,3541.0,2.0,231.0,2.0,30.0,3772.0,0.0,0.0,29.0,1.0,109388.0
40713,40713,dis,1,869,active,ARFF,3714.0,5.0,58.0,2.0,30.0,3772.0,0.0,0.0,6.0,24.0,109388.0
3,3,kr-vs-kp,1,1,active,ARFF,1669.0,3.0,1527.0,2.0,37.0,3196.0,0.0,0.0,0.0,37.0,115056.0
1479,1479,hill-valley,1,64,active,ARFF,606.0,2.0,606.0,2.0,101.0,1212.0,0.0,0.0,100.0,1.0,121200.0
1020,1020,mfeat-karhunen,2,2,active,ARFF,1800.0,2.0,200.0,2.0,65.0,2000.0,0.0,0.0,64.0,1.0,128000.0
976,976,JapaneseVowels,2,2,active,ARFF,8347.0,2.0,1614.0,2.0,15.0,9961.0,0.0,0.0,14.0,1.0,139454.0
1496,1496,ringnorm,1,64,active,ARFF,3736.0,2.0,3664.0,2.0,21.0,7400.0,0.0,0.0,20.0,1.0,148000.0
1507,1507,twonorm,1,64,active,ARFF,3703.0,2.0,3697.0,2.0,21.0,7400.0,0.0,0.0,20.0,1.0,148000.0
971,971,mfeat-fourier,2,2,active,ARFF,1800.0,2.0,200.0,2.0,77.0,2000.0,0.0,0.0,76.0,1.0,152000.0
823,823,houses,2,2,active,ARFF,11726.0,2.0,8914.0,2.0,9.0,20640.0,0.0,0.0,8.0,1.0,165120.0
41005,41005,jungle_chess_2pcs_endgame_rat_rat,1,1,active,arff,2055.0,3.0,1605.0,2.0,47.0,3660.0,0.0,0.0,20.0,27.0,168360.0
761,761,cpu_act,3,2,active,ARFF,5715.0,2.0,2477.0,2.0,22.0,8192.0,0.0,0.0,21.0,1.0,172032.0
1019,1019,pendigits,2,2,active,ARFF,9848.0,2.0,1144.0,2.0,17.0,10992.0,0.0,0.0,16.0,1.0,175872.0
843,843,house_8L,2,2,active,ARFF,16040.0,2.0,6744.0,2.0,9.0,22784.0,0.0,0.0,8.0,1.0,182272.0
1487,1487,ozone-level-8hr,1,64,active,ARFF,2374.0,2.0,160.0,2.0,73.0,2534.0,0.0,0.0,72.0,1.0,182448.0
40900,40900,Satellite,1,3768,active,ARFF,5025.0,2.0,75.0,2.0,37.0,5100.0,0.0,0.0,36.0,1.0,183600.0
953,953,splice,2,2,active,ARFF,1655.0,6.0,1535.0,2.0,62.0,3190.0,0.0,0.0,0.0,62.0,194590.0
41156,41156,ada,1,1478,active,ARFF,3118.0,2.0,1029.0,2.0,49.0,4147.0,0.0,0.0,48.0,1.0,199056.0
979,979,waveform-5000,2,2,active,ARFF,3308.0,2.0,1692.0,2.0,41.0,5000.0,0.0,0.0,40.0,1.0,200000.0
1069,1069,pc2,1,2,active,ARFF,5566.0,2.0,23.0,2.0,37.0,5589.0,0.0,0.0,36.0,1.0,201204.0
1120,1120,MagicTelescope,1,2,active,ARFF,12332.0,2.0,6688.0,2.0,12.0,19020.0,0.0,0.0,11.0,1.0,209220.0
1471,1471,eeg-eye-state,1,64,active,ARFF,8257.0,2.0,6723.0,2.0,15.0,14980.0,0.0,0.0,14.0,1.0,209720.0
833,833,bank32nh,2,2,active,ARFF,5649.0,2.0,2543.0,2.0,33.0,8192.0,0.0,0.0,32.0,1.0,262144.0
752,752,puma32H,2,2,active,ARFF,4128.0,2.0,4064.0,2.0,33.0,8192.0,0.0,0.0,32.0,1.0,262144.0
44,44,spambase,1,1,active,ARFF,2788.0,2.0,1813.0,2.0,58.0,4601.0,0.0,0.0,57.0,1.0,262257.0
41949,41949,Elegibilidade,1,8998,active,ARFF,150572.0,2.0,118605.0,2.0,2.0,269177.0,0.0,0.0,0.0,1.0,269177.0
4135,4135,Amazon_employee_access,1,2,active,ARFF,30872.0,7518.0,1897.0,2.0,10.0,32769.0,0.0,0.0,0.0,10.0,294921.0
846,846,elevators,2,2,active,ARFF,11469.0,2.0,5130.0,2.0,19.0,16599.0,0.0,0.0,18.0,1.0,298782.0
977,977,letter,2,2,active,ARFF,19187.0,2.0,813.0,2.0,17.0,20000.0,0.0,0.0,16.0,1.0,320000.0
4534,4534,PhishingWebsites,1,874,active,ARFF,6157.0,3.0,4898.0,2.0,31.0,11055.0,0.0,0.0,0.0,31.0,331650.0
251,251,BNG(breast-w),1,1,active,ARFF,25820.0,2.0,13546.0,2.0,10.0,39366.0,0.0,0.0,9.0,1.0,354294.0
137,137,BNG(tic-tac-toe),1,1,active,ARFF,25702.0,3.0,13664.0,2.0,10.0,39366.0,0.0,0.0,0.0,10.0,354294.0
980,980,optdigits,2,2,active,ARFF,5048.0,2.0,572.0,2.0,65.0,5620.0,0.0,0.0,64.0,1.0,359680.0
1056,1056,mc1,1,2,active,ARFF,9398.0,2.0,68.0,2.0,39.0,9466.0,0.0,0.0,38.0,1.0,359708.0
151,151,electricity,1,1,active,ARFF,26075.0,7.0,19237.0,2.0,9.0,45312.0,0.0,0.0,7.0,2.0,362496.0
821,821,house_16H,2,2,active,ARFF,16040.0,2.0,6744.0,2.0,17.0,22784.0,0.0,0.0,16.0,1.0,364544.0
727,727,2dplanes,2,2,active,ARFF,20420.0,2.0,20348.0,2.0,11.0,40768.0,0.0,0.0,10.0,1.0,407680.0
901,901,fried,2,2,active,ARFF,20427.0,2.0,20341.0,2.0,11.0,40768.0,0.0,0.0,10.0,1.0,407680.0
881,881,mv,2,2,active,ARFF,24321.0,3.0,16447.0,2.0,11.0,40768.0,0.0,0.0,7.0,4.0,407680.0
4154,4154,CreditCardSubset,1,780,active,ARFF,14217.0,2.0,23.0,2.0,31.0,14240.0,0.0,0.0,30.0,1.0,427200.0
41781,41781,FOREX_audcad-hour-Close,1,1,active,arff,21995.0,2.0,21830.0,2.0,12.0,43825.0,0.0,0.0,11.0,1.0,482075.0
41763,41763,FOREX_audcad-hour-High,1,1,active,arff,22556.0,2.0,21269.0,2.0,12.0,43825.0,0.0,0.0,11.0,1.0,482075.0
41888,41888,FOREX_audchf-hour-Close,1,1,active,arff,21916.0,2.0,21909.0,2.0,12.0,43825.0,0.0,0.0,11.0,1.0,482075.0
41709,41709,FOREX_audchf-hour-High,1,1,active,arff,22481.0,2.0,21344.0,2.0,12.0,43825.0,0.0,0.0,11.0,1.0,482075.0
41806,41806,FOREX_audjpy-hour-Close,1,1,active,arff,22213.0,2.0,21612.0,2.0,12.0,43825.0,0.0,0.0,11.0,1.0,482075.0
41718,41718,FOREX_audjpy-hour-High,1,1,active,arff,22571.0,2.0,21254.0,2.0,12.0,43825.0,0.0,0.0,11.0,1.0,482075.0
41898,41898,FOREX_audnzd-hour-Close,1,1,active,arff,22275.0,2.0,21550.0,2.0,12.0,43825.0,0.0,0.0,11.0,1.0,482075.0
41825,41825,FOREX_audnzd-hour-High,1,1,active,arff,22702.0,2.0,21123.0,2.0,12.0,43825.0,0.0,0.0,11.0,1.0,482075.0
41762,41762,FOREX_audsgd-hour-Close,1,1,active,arff,22091.0,2.0,21734.0,2.0,12.0,43825.0,0.0,0.0,11.0,1.0,482075.0
41865,41865,FOREX_audsgd-hour-High,1,1,active,arff,22558.0,2.0,21267.0,2.0,12.0,43825.0,0.0,0.0,11.0,1.0,482075.0
41878,41878,FOREX_audusd-hour-Close,1,1,active,arff,22098.0,2.0,21727.0,2.0,12.0,43825.0,0.0,0.0,11.0,1.0,482075.0
41843,41843,FOREX_audusd-hour-High,1,1,active,arff,23210.0,2.0,20615.0,2.0,12.0,43825.0,0.0,0.0,11.0,1.0,482075.0
41838,41838,FOREX_cadchf-hour-Close,1,1,active,arff,21919.0,2.0,21906.0,2.0,12.0,43825.0,0.0,0.0,11.0,1.0,482075.0
41723,41723,FOREX_cadchf-hour-High,1,1,active,arff,22417.0,2.0,21408.0,2.0,12.0,43825.0,0.0,0.0,11.0,1.0,482075.0
41767,41767,FOREX_cadjpy-hour-Close,1,1,active,arff,22035.0,2.0,21790.0,2.0,12.0,43825.0,0.0,0.0,11.0,1.0,482075.0
41833,41833,FOREX_cadjpy-hour-High,1,1,active,arff,22693.0,2.0,21132.0,2.0,12.0,43825.0,0.0,0.0,11.0,1.0,482075.0
41870,41870,FOREX_chfjpy-hour-Close,1,1,active,arff,21996.0,2.0,21829.0,2.0,12.0,43825.0,0.0,0.0,11.0,1.0,482075.0
41881,41881,FOREX_chfjpy-hour-High,1,1,active,arff,22854.0,2.0,20971.0,2.0,12.0,43825.0,0.0,0.0,11.0,1.0,482075.0
41885,41885,FOREX_chfsgd-hour-Close,1,1,active,arff,22278.0,2.0,21547.0,2.0,12.0,43825.0,0.0,0.0,11.0,1.0,482075.0
41820,41820,FOREX_chfsgd-hour-High,1,1,active,arff,22965.0,2.0,20860.0,2.0,12.0,43825.0,0.0,0.0,11.0,1.0,482075.0
41827,41827,FOREX_euraud-hour-Close,1,1,active,arff,22133.0,2.0,21692.0,2.0,12.0,43825.0,0.0,0.0,11.0,1.0,482075.0
41835,41835,FOREX_euraud-hour-High,1,1,active,arff,22869.0,2.0,20956.0,2.0,12.0,43825.0,0.0,0.0,11.0,1.0,482075.0
41891,41891,FOREX_eurcad-hour-Close,1,1,active,arff,21914.0,2.0,21911.0,2.0,12.0,43825.0,0.0,0.0,11.0,1.0,482075.0
41712,41712,FOREX_eurcad-hour-High,1,1,active,arff,22751.0,2.0,21074.0,2.0,12.0,43825.0,0.0,0.0,11.0,1.0,482075.0
41877,41877,FOREX_eurchf-hour-Close,1,1,active,arff,22003.0,2.0,21822.0,2.0,12.0,43825.0,0.0,0.0,11.0,1.0,482075.0
41842,41842,FOREX_eurchf-hour-High,1,1,active,arff,22452.0,2.0,21373.0,2.0,12.0,43825.0,0.0,0.0,11.0,1.0,482075.0
41831,41831,FOREX_eurdkk-hour-Close,1,1,active,arff,23031.0,2.0,20794.0,2.0,12.0,43825.0,0.0,0.0,11.0,1.0,482075.0
41856,41856,FOREX_eurdkk-hour-High,1,1,active,arff,23910.0,2.0,19915.0,2.0,12.0,43825.0,0.0,0.0,11.0,1.0,482075.0
41824,41824,FOREX_eurgbp-hour-Close,1,1,active,arff,22040.0,2.0,21785.0,2.0,12.0,43825.0,0.0,0.0,11.0,1.0,482075.0
41742,41742,FOREX_eurgbp-hour-High,1,1,active,arff,23024.0,2.0,20801.0,2.0,12.0,43825.0,0.0,0.0,11.0,1.0,482075.0
41799,41799,FOREX_eurhkd-hour-Close,1,1,active,arff,22076.0,2.0,21749.0,2.0,12.0,43825.0,0.0,0.0,11.0,1.0,482075.0
41739,41739,FOREX_eurhkd-hour-High,1,1,active,arff,23386.0,2.0,20439.0,2.0,12.0,43825.0,0.0,0.0,11.0,1.0,482075.0
41736,41736,FOREX_eurhuf-hour-Close,1,1,active,arff,26622.0,2.0,17203.0,2.0,12.0,43825.0,0.0,0.0,11.0,1.0,482075.0
41715,41715,FOREX_eurhuf-hour-High,1,1,active,arff,26892.0,2.0,16933.0,2.0,12.0,43825.0,0.0,0.0,11.0,1.0,482075.0
41889,41889,FOREX_eurjpy-hour-Close,1,1,active,arff,22103.0,2.0,21722.0,2.0,12.0,43825.0,0.0,0.0,11.0,1.0,482075.0
41777,41777,FOREX_eurjpy-hour-High,1,1,active,arff,22982.0,2.0,20843.0,2.0,12.0,43825.0,0.0,0.0,11.0,1.0,482075.0
41859,41859,FOREX_eurnok-hour-Close,1,1,active,arff,22018.0,2.0,21807.0,2.0,12.0,43825.0,0.0,0.0,11.0,1.0,482075.0
41768,41768,FOREX_eurnok-hour-High,1,1,active,arff,23048.0,2.0,20777.0,2.0,12.0,43825.0,0.0,0.0,11.0,1.0,482075.0
41886,41886,FOREX_eurnzd-hour-Close,1,1,active,arff,22350.0,2.0,21475.0,2.0,12.0,43825.0,0.0,0.0,11.0,1.0,482075.0
41883,41883,FOREX_eurnzd-hour-High,1,1,active,arff,22999.0,2.0,20826.0,2.0,12.0,43825.0,0.0,0.0,11.0,1.0,482075.0
41734,41734,FOREX_eurpln-hour-Close,1,1,active,arff,22174.0,2.0,21651.0,2.0,12.0,43825.0,0.0,0.0,11.0,1.0,482075.0
41787,41787,FOREX_eurpln-hour-High,1,1,active,arff,23298.0,2.0,20527.0,2.0,12.0,43825.0,0.0,0.0,11.0,1.0,482075.0
41862,41862,FOREX_eurrub-hour-Close,1,1,active,arff,30334.0,2.0,13491.0,2.0,12.0,43825.0,0.0,0.0,11.0,1.0,482075.0
41805,41805,FOREX_eurrub-hour-High,1,1,active,arff,30833.0,2.0,12992.0,2.0,12.0,43825.0,0.0,0.0,11.0,1.0,482075.0
41896,41896,FOREX_eursek-hour-Close,1,1,active,arff,22043.0,2.0,21782.0,2.0,12.0,43825.0,0.0,0.0,11.0,1.0,482075.0
41779,41779,FOREX_eursek-hour-High,1,1,active,arff,22632.0,2.0,21193.0,2.0,12.0,43825.0,0.0,0.0,11.0,1.0,482075.0
41758,41758,FOREX_eursgd-hour-Close,1,1,active,arff,22080.0,2.0,21745.0,2.0,12.0,43825.0,0.0,0.0,11.0,1.0,482075.0
41893,41893,FOREX_eursgd-hour-High,1,1,active,arff,22665.0,2.0,21160.0,2.0,12.0,43825.0,0.0,0.0,11.0,1.0,482075.0
41773,41773,FOREX_eurtry-hour-Close,1,1,active,arff,22193.0,2.0,21632.0,2.0,12.0,43825.0,0.0,0.0,11.0,1.0,482075.0
41759,41759,FOREX_eurtry-hour-High,1,1,active,arff,22856.0,2.0,20969.0,2.0,12.0,43825.0,0.0,0.0,11.0,1.0,482075.0
41860,41860,FOREX_eurusd-hour-Close,1,1,active,arff,22071.0,2.0,21754.0,2.0,12.0,43825.0,0.0,0.0,11.0,1.0,482075.0
41873,41873,FOREX_eurusd-hour-High,1,1,active,arff,23523.0,2.0,20302.0,2.0,12.0,43825.0,0.0,0.0,11.0,1.0,482075.0
41804,41804,FOREX_gbpusd-hour-Close,1,1,active,arff,22109.0,2.0,21716.0,2.0,12.0,43825.0,0.0,0.0,11.0,1.0,482075.0
41879,41879,FOREX_gbpusd-hour-High,1,1,active,arff,23312.0,2.0,20513.0,2.0,12.0,43825.0,0.0,0.0,11.0,1.0,482075.0
41832,41832,FOREX_nzdusd-hour-Close,1,1,active,arff,22110.0,2.0,21715.0,2.0,12.0,43825.0,0.0,0.0,11.0,1.0,482075.0
41884,41884,FOREX_nzdusd-hour-High,1,1,active,arff,23184.0,2.0,20641.0,2.0,12.0,43825.0,0.0,0.0,11.0,1.0,482075.0
41727,41727,FOREX_usdcad-hour-Close,1,1,active,arff,21939.0,2.0,21886.0,2.0,12.0,43825.0,0.0,0.0,11.0,1.0,482075.0
41828,41828,FOREX_usdcad-hour-High,1,1,active,arff,22732.0,2.0,21093.0,2.0,12.0,43825.0,0.0,0.0,11.0,1.0,482075.0
41792,41792,FOREX_usdchf-hour-Close,1,1,active,arff,22068.0,2.0,21757.0,2.0,12.0,43825.0,0.0,0.0,11.0,1.0,482075.0
41780,41780,FOREX_usdchf-hour-High,1,1,active,arff,22656.0,2.0,21169.0,2.0,12.0,43825.0,0.0,0.0,11.0,1.0,482075.0
41871,41871,FOREX_usddkk-hour-Close,1,1,active,arff,22050.0,2.0,21775.0,2.0,12.0,43825.0,0.0,0.0,11.0,1.0,482075.0
41816,41816,FOREX_usddkk-hour-High,1,1,active,arff,23306.0,2.0,20519.0,2.0,12.0,43825.0,0.0,0.0,11.0,1.0,482075.0
41782,41782,FOREX_usdjpy-hour-Close,1,1,active,arff,22363.0,2.0,21462.0,2.0,12.0,43825.0,0.0,0.0,11.0,1.0,482075.0
41851,41851,FOREX_usdjpy-hour-High,1,1,active,arff,23367.0,2.0,20458.0,2.0,12.0,43825.0,0.0,0.0,11.0,1.0,482075.0
40922,40922,Run_or_walk_information,1,3952,active,ARFF,44365.0,2.0,44223.0,2.0,7.0,88588.0,0.0,0.0,6.0,1.0,531528.0
734,734,ailerons,2,2,active,ARFF,7922.0,2.0,5828.0,2.0,41.0,13750.0,0.0,0.0,40.0,1.0,550000.0
722,722,pol,2,2,active,ARFF,9959.0,2.0,5041.0,2.0,49.0,15000.0,0.0,0.0,48.0,1.0,720000.0
1461,1461,bank-marketing,1,64,active,ARFF,39922.0,12.0,5289.0,2.0,17.0,45211.0,0.0,0.0,7.0,10.0,723376.0
1502,1502,skin-segmentation,1,64,active,ARFF,194198.0,2.0,50859.0,2.0,4.0,245057.0,0.0,0.0,3.0,1.0,735171.0
23517,23517,numerai28.6,2,2,active,ARFF,48658.0,2.0,47662.0,2.0,22.0,96320.0,0.0,0.0,21.0,1.0,2022720.0
143,143,BNG(vote),1,1,active,ARFF,80409.0,2.0,50663.0,2.0,17.0,131072.0,0.0,0.0,0.0,17.0,2097152.0
161,161,SEA(50),1,1,active,ARFF,614342.0,2.0,385658.0,2.0,4.0,1000000.0,0.0,0.0,3.0,1.0,3000000.0
162,162,SEA(50000),1,1,active,ARFF,614332.0,2.0,385668.0,2.0,4.0,1000000.0,0.0,0.0,3.0,1.0,3000000.0
1236,1236,Stagger1,1,1,active,ARFF,888391.0,3.0,111609.0,2.0,4.0,1000000.0,0.0,0.0,0.0,4.0,3000000.0
1237,1237,Stagger2,1,1,active,ARFF,555943.0,3.0,444057.0,2.0,4.0,1000000.0,0.0,0.0,0.0,4.0,3000000.0
1238,1238,Stagger3,1,1,active,ARFF,666429.0,3.0,333571.0,2.0,4.0,1000000.0,0.0,0.0,0.0,4.0,3000000.0
1169,1169,airlines,1,2,active,ARFF,299119.0,293.0,240264.0,2.0,8.0,539383.0,0.0,0.0,3.0,5.0,3775681.0
41854,41854,FOREX_audcad-minute-Close,1,1,active,arff,192180.0,2.0,183660.0,2.0,12.0,375840.0,0.0,0.0,11.0,1.0,4134240.0
41802,41802,FOREX_audcad-minute-High,1,1,active,arff,198576.0,2.0,177264.0,2.0,12.0,375840.0,0.0,0.0,11.0,1.0,4134240.0
41810,41810,FOREX_audchf-minute-Close,1,1,active,arff,193638.0,2.0,182202.0,2.0,12.0,375840.0,0.0,0.0,11.0,1.0,4134240.0
41772,41772,FOREX_audchf-minute-High,1,1,active,arff,200975.0,2.0,174865.0,2.0,12.0,375840.0,0.0,0.0,11.0,1.0,4134240.0
41837,41837,FOREX_audjpy-minute-Close,1,1,active,arff,193109.0,2.0,182731.0,2.0,12.0,375840.0,0.0,0.0,11.0,1.0,4134240.0
41770,41770,FOREX_audjpy-minute-High,1,1,active,arff,202222.0,2.0,173618.0,2.0,12.0,375840.0,0.0,0.0,11.0,1.0,4134240.0
41747,41747,FOREX_audnzd-minute-Close,1,1,active,arff,192862.0,2.0,182978.0,2.0,12.0,375840.0,0.0,0.0,11.0,1.0,4134240.0
41822,41822,FOREX_audnzd-minute-High,1,1,active,arff,199430.0,2.0,176410.0,2.0,12.0,375840.0,0.0,0.0,11.0,1.0,4134240.0
41813,41813,FOREX_audsgd-minute-Close,1,1,active,arff,197295.0,2.0,178545.0,2.0,12.0,375840.0,0.0,0.0,11.0,1.0,4134240.0
41887,41887,FOREX_audsgd-minute-High,1,1,active,arff,202700.0,2.0,173140.0,2.0,12.0,375840.0,0.0,0.0,11.0,1.0,4134240.0
41817,41817,FOREX_audusd-minute-Close,1,1,active,arff,195610.0,2.0,180230.0,2.0,12.0,375840.0,0.0,0.0,11.0,1.0,4134240.0
41809,41809,FOREX_audusd-minute-High,1,1,active,arff,207224.0,2.0,168616.0,2.0,12.0,375840.0,0.0,0.0,11.0,1.0,4134240.0
41755,41755,FOREX_cadchf-minute-Close,1,1,active,arff,195380.0,2.0,180460.0,2.0,12.0,375840.0,0.0,0.0,11.0,1.0,4134240.0
41836,41836,FOREX_cadchf-minute-High,1,1,active,arff,201076.0,2.0,174764.0,2.0,12.0,375840.0,0.0,0.0,11.0,1.0,4134240.0
41800,41800,FOREX_cadjpy-minute-Close,1,1,active,arff,192911.0,2.0,182929.0,2.0,12.0,375840.0,0.0,0.0,11.0,1.0,4134240.0
41728,41728,FOREX_cadjpy-minute-High,1,1,active,arff,201286.0,2.0,174554.0,2.0,12.0,375840.0,0.0,0.0,11.0,1.0,4134240.0
41729,41729,FOREX_chfjpy-minute-Close,1,1,active,arff,192834.0,2.0,183006.0,2.0,12.0,375840.0,0.0,0.0,11.0,1.0,4134240.0
41745,41745,FOREX_chfjpy-minute-High,1,1,active,arff,200138.0,2.0,175702.0,2.0,12.0,375840.0,0.0,0.0,11.0,1.0,4134240.0
41880,41880,FOREX_chfsgd-minute-Close,1,1,active,arff,195885.0,2.0,179955.0,2.0,12.0,375840.0,0.0,0.0,11.0,1.0,4134240.0
41738,41738,FOREX_chfsgd-minute-High,1,1,active,arff,200426.0,2.0,175414.0,2.0,12.0,375840.0,0.0,0.0,11.0,1.0,4134240.0
41814,41814,FOREX_euraud-minute-Close,1,1,active,arff,191301.0,2.0,184539.0,2.0,12.0,375840.0,0.0,0.0,11.0,1.0,4134240.0
41861,41861,FOREX_euraud-minute-High,1,1,active,arff,197195.0,2.0,178645.0,2.0,12.0,375840.0,0.0,0.0,11.0,1.0,4134240.0
41735,41735,FOREX_eurcad-minute-Close,1,1,active,arff,190902.0,2.0,184938.0,2.0,12.0,375840.0,0.0,0.0,11.0,1.0,4134240.0
41823,41823,FOREX_eurcad-minute-High,1,1,active,arff,197225.0,2.0,178615.0,2.0,12.0,375840.0,0.0,0.0,11.0,1.0,4134240.0
41708,41708,FOREX_eurchf-minute-Close,1,1,active,arff,194808.0,2.0,181032.0,2.0,12.0,375840.0,0.0,0.0,11.0,1.0,4134240.0
41852,41852,FOREX_eurchf-minute-High,1,1,active,arff,203153.0,2.0,172687.0,2.0,12.0,375840.0,0.0,0.0,11.0,1.0,4134240.0
41876,41876,FOREX_eurdkk-minute-Close,1,1,active,arff,273731.0,2.0,102109.0,2.0,12.0,375840.0,0.0,0.0,11.0,1.0,4134240.0
41778,41778,FOREX_eurdkk-minute-High,1,1,active,arff,244742.0,2.0,131098.0,2.0,12.0,375840.0,0.0,0.0,11.0,1.0,4134240.0
41786,41786,FOREX_eurgbp-minute-Close,1,1,active,arff,194179.0,2.0,181661.0,2.0,12.0,375840.0,0.0,0.0,11.0,1.0,4134240.0
41808,41808,FOREX_eurgbp-minute-High,1,1,active,arff,202133.0,2.0,173707.0,2.0,12.0,375840.0,0.0,0.0,11.0,1.0,4134240.0
41776,41776,FOREX_eurhkd-minute-Close,1,1,active,arff,191557.0,2.0,184283.0,2.0,12.0,375840.0,0.0,0.0,11.0,1.0,4134240.0
41710,41710,FOREX_eurhkd-minute-High,1,1,active,arff,201397.0,2.0,174443.0,2.0,12.0,375840.0,0.0,0.0,11.0,1.0,4134240.0
41895,41895,FOREX_eurhuf-minute-Close,1,1,active,arff,273138.0,2.0,102702.0,2.0,12.0,375840.0,0.0,0.0,11.0,1.0,4134240.0
41774,41774,FOREX_eurhuf-minute-High,1,1,active,arff,276139.0,2.0,99701.0,2.0,12.0,375840.0,0.0,0.0,11.0,1.0,4134240.0
41752,41752,FOREX_eurjpy-minute-Close,1,1,active,arff,191775.0,2.0,184065.0,2.0,12.0,375840.0,0.0,0.0,11.0,1.0,4134240.0
41793,41793,FOREX_eurjpy-minute-High,1,1,active,arff,200986.0,2.0,174854.0,2.0,12.0,375840.0,0.0,0.0,11.0,1.0,4134240.0
41751,41751,FOREX_eurnok-minute-Close,1,1,active,arff,198803.0,2.0,177037.0,2.0,12.0,375840.0,0.0,0.0,11.0,1.0,4134240.0
41840,41840,FOREX_eurnok-minute-High,1,1,active,arff,205831.0,2.0,170009.0,2.0,12.0,375840.0,0.0,0.0,11.0,1.0,4134240.0
41853,41853,FOREX_eurnzd-minute-Close,1,1,active,arff,191269.0,2.0,184571.0,2.0,12.0,375840.0,0.0,0.0,11.0,1.0,4134240.0
41789,41789,FOREX_eurnzd-minute-High,1,1,active,arff,196400.0,2.0,179440.0,2.0,12.0,375840.0,0.0,0.0,11.0,1.0,4134240.0
41743,41743,FOREX_eurpln-minute-Close,1,1,active,arff,211424.0,2.0,164416.0,2.0,12.0,375840.0,0.0,0.0,11.0,1.0,4134240.0
41714,41714,FOREX_eurpln-minute-High,1,1,active,arff,212917.0,2.0,162923.0,2.0,12.0,375840.0,0.0,0.0,11.0,1.0,4134240.0
41796,41796,FOREX_eurrub-minute-Close,1,1,active,arff,267817.0,2.0,108023.0,2.0,12.0,375840.0,0.0,0.0,11.0,1.0,4134240.0
41819,41819,FOREX_eurrub-minute-High,1,1,active,arff,270976.0,2.0,104864.0,2.0,12.0,375840.0,0.0,0.0,11.0,1.0,4134240.0
41761,41761,FOREX_eursek-minute-Close,1,1,active,arff,197356.0,2.0,178484.0,2.0,12.0,375840.0,0.0,0.0,11.0,1.0,4134240.0
41850,41850,FOREX_eursek-minute-High,1,1,active,arff,205497.0,2.0,170343.0,2.0,12.0,375840.0,0.0,0.0,11.0,1.0,4134240.0
41869,41869,FOREX_eursgd-minute-Close,1,1,active,arff,191724.0,2.0,184116.0,2.0,12.0,375840.0,0.0,0.0,11.0,1.0,4134240.0
41741,41741,FOREX_eursgd-minute-High,1,1,active,arff,198468.0,2.0,177372.0,2.0,12.0,375840.0,0.0,0.0,11.0,1.0,4134240.0
41771,41771,FOREX_eurtry-minute-Close,1,1,active,arff,200399.0,2.0,175441.0,2.0,12.0,375840.0,0.0,0.0,11.0,1.0,4134240.0
41855,41855,FOREX_eurtry-minute-High,1,1,active,arff,208967.0,2.0,166873.0,2.0,12.0,375840.0,0.0,0.0,11.0,1.0,4134240.0
41711,41711,FOREX_eurusd-minute-Close,1,1,active,arff,193844.0,2.0,181996.0,2.0,12.0,375840.0,0.0,0.0,11.0,1.0,4134240.0
41845,41845,FOREX_eurusd-minute-High,1,1,active,arff,206541.0,2.0,169299.0,2.0,12.0,375840.0,0.0,0.0,11.0,1.0,4134240.0
41795,41795,FOREX_gbpusd-minute-Close,1,1,active,arff,194132.0,2.0,181708.0,2.0,12.0,375840.0,0.0,0.0,11.0,1.0,4134240.0
41749,41749,FOREX_gbpusd-minute-High,1,1,active,arff,204880.0,2.0,170960.0,2.0,12.0,375840.0,0.0,0.0,11.0,1.0,4134240.0
41794,41794,FOREX_nzdusd-minute-Close,1,1,active,arff,197006.0,2.0,178834.0,2.0,12.0,375840.0,0.0,0.0,11.0,1.0,4134240.0
41807,41807,FOREX_nzdusd-minute-High,1,1,active,arff,208036.0,2.0,167804.0,2.0,12.0,375840.0,0.0,0.0,11.0,1.0,4134240.0
41775,41775,FOREX_usdcad-minute-Close,1,1,active,arff,193327.0,2.0,182513.0,2.0,12.0,375840.0,0.0,0.0,11.0,1.0,4134240.0
41798,41798,FOREX_usdcad-minute-High,1,1,active,arff,203805.0,2.0,172035.0,2.0,12.0,375840.0,0.0,0.0,11.0,1.0,4134240.0
41757,41757,FOREX_usdchf-minute-Close,1,1,active,arff,197528.0,2.0,178312.0,2.0,12.0,375840.0,0.0,0.0,11.0,1.0,4134240.0
41892,41892,FOREX_usdchf-minute-High,1,1,active,arff,207306.0,2.0,168534.0,2.0,12.0,375840.0,0.0,0.0,11.0,1.0,4134240.0
41748,41748,FOREX_usddkk-minute-Close,1,1,active,arff,191331.0,2.0,184509.0,2.0,12.0,375840.0,0.0,0.0,11.0,1.0,4134240.0
41890,41890,FOREX_usddkk-minute-High,1,1,active,arff,200928.0,2.0,174912.0,2.0,12.0,375840.0,0.0,0.0,11.0,1.0,4134240.0
41732,41732,FOREX_usdjpy-minute-Close,1,1,active,arff,196755.0,2.0,179085.0,2.0,12.0,375840.0,0.0,0.0,11.0,1.0,4134240.0
41717,41717,FOREX_usdjpy-minute-High,1,1,active,arff,208744.0,2.0,167096.0,2.0,12.0,375840.0,0.0,0.0,11.0,1.0,4134240.0
41150,41150,MiniBooNE,1,869,active,ARFF,93565.0,2.0,36499.0,2.0,51.0,130064.0,0.0,0.0,50.0,1.0,6503200.0
1178,1178,BNG(solar-flare),1,1,active,ARFF,648320.0,6.0,15232.0,2.0,13.0,663552.0,0.0,0.0,0.0,13.0,7962624.0
1597,1597,creditcard,1,470,active,ARFF,284315.0,2.0,492.0,2.0,31.0,284807.0,0.0,0.0,30.0,1.0,8544210.0
1235,1235,Agrawal1,1,1,active,ARFF,672045.0,20.0,327955.0,2.0,10.0,1000000.0,0.0,0.0,6.0,4.0,9000000.0
77,77,"BNG(breast-cancer,nominal,1000000)",1,1,active,ARFF,702823.0,13.0,297177.0,2.0,10.0,1000000.0,0.0,0.0,0.0,10.0,9000000.0
152,152,Hyperplane_10_1E-3,1,1,active,ARFF,500007.0,2.0,499993.0,2.0,11.0,1000000.0,0.0,0.0,10.0,1.0,10000000.0
153,153,Hyperplane_10_1E-4,1,1,active,ARFF,500166.0,2.0,499834.0,2.0,11.0,1000000.0,0.0,0.0,10.0,1.0,10000000.0
267,267,BNG(heart-statlog),1,1,active,ARFF,555946.0,2.0,444054.0,2.0,14.0,1000000.0,0.0,0.0,13.0,1.0,13000000.0
140,140,"BNG(heart-statlog,nominal,1000000)",1,1,active,ARFF,554324.0,3.0,445676.0,2.0,14.0,1000000.0,0.0,0.0,0.0,14.0,13000000.0
1205,1205,BNG(Australian),1,1,active,ARFF,573051.0,2.0,426949.0,2.0,15.0,1000000.0,0.0,0.0,14.0,1.0,14000000.0
1182,1182,BNG(adult),1,1,active,ARFF,759864.0,41.0,240136.0,2.0,15.0,1000000.0,0.0,0.0,2.0,13.0,14000000.0
258,258,BNG(credit-a),1,1,active,ARFF,554008.0,14.0,445992.0,2.0,16.0,1000000.0,0.0,0.0,6.0,10.0,15000000.0
124,124,"BNG(credit-a,nominal,1000000)",1,1,active,ARFF,554898.0,14.0,445102.0,2.0,16.0,1000000.0,0.0,0.0,0.0,16.0,15000000.0
246,246,BNG(labor),2,1,active,ARFF,647000.0,3.0,353000.0,2.0,17.0,1000000.0,0.0,0.0,8.0,9.0,16000000.0
73,73,"BNG(labor,nominal,1000000)",1,1,active,ARFF,645520.0,3.0,354480.0,2.0,17.0,1000000.0,0.0,0.0,0.0,17.0,16000000.0
1216,1216,Click_prediction_small,1,2,active,ARFF,1429610.0,2.0,66781.0,2.0,12.0,1496391.0,0.0,0.0,11.0,1.0,16460301.0
269,269,BNG(hepatitis),1,1,active,ARFF,792183.0,2.0,207817.0,2.0,20.0,1000000.0,0.0,0.0,6.0,14.0,19000000.0
142,142,"BNG(hepatitis,nominal,1000000)",1,1,active,ARFF,791048.0,3.0,208952.0,2.0,20.0,1000000.0,0.0,0.0,0.0,20.0,19000000.0
260,260,BNG(credit-g),1,1,active,ARFF,699774.0,11.0,300226.0,2.0,21.0,1000000.0,0.0,0.0,7.0,14.0,20000000.0
126,126,"BNG(credit-g,nominal,1000000)",1,1,active,ARFF,699587.0,11.0,300413.0,2.0,21.0,1000000.0,0.0,0.0,0.0,21.0,20000000.0
1211,1211,BNG(SPECT),1,1,active,ARFF,791580.0,2.0,208420.0,2.0,23.0,1000000.0,0.0,0.0,0.0,23.0,22000000.0
257,257,BNG(colic),1,1,active,ARFF,630221.0,6.0,369779.0,2.0,23.0,1000000.0,0.0,0.0,7.0,16.0,22000000.0
122,122,"BNG(colic,nominal,1000000)",1,1,active,ARFF,629653.0,6.0,370347.0,2.0,23.0,1000000.0,0.0,0.0,0.0,23.0,22000000.0
120,120,BNG(mushroom),1,1,active,ARFF,518298.0,12.0,481702.0,2.0,23.0,1000000.0,0.0,0.0,0.0,23.0,22000000.0
1180,1180,BNG(spect_test),1,1,active,ARFF,915437.0,2.0,84563.0,2.0,23.0,1000000.0,0.0,0.0,0.0,23.0,22000000.0
256,256,BNG(colic.ORIG),1,1,active,ARFF,637594.0,338.0,362406.0,2.0,28.0,1000000.0,0.0,0.0,7.0,21.0,27000000.0
121,121,"BNG(colic.ORIG,nominal,1000000)",1,1,active,ARFF,662777.0,338.0,337223.0,2.0,28.0,1000000.0,0.0,0.0,0.0,28.0,27000000.0
131,131,"BNG(sick,nominal,1000000)",1,1,active,ARFF,938761.0,5.0,61239.0,2.0,30.0,1000000.0,0.0,0.0,0.0,30.0,29000000.0
41228,41228,Klaverjas2018,1,1,active,arff,528339.0,2.0,453202.0,2.0,33.0,981541.0,0.0,0.0,32.0,1.0,31409312.0
139,139,BNG(trains),1,1,active,ARFF,501119.0,8.0,498881.0,2.0,33.0,1000000.0,0.0,0.0,0.0,33.0,32000000.0
146,146,BNG(ionosphere),1,1,active,ARFF,641025.0,3.0,358975.0,2.0,35.0,1000000.0,0.0,0.0,0.0,35.0,34000000.0
72,72,BNG(kr-vs-kp),1,1,active,ARFF,521875.0,3.0,478125.0,2.0,37.0,1000000.0,0.0,0.0,0.0,37.0,36000000.0
1369,1369,"BNG(kr-vs-kp,1000,1)",1,1,active,ARFF,521875.0,3.0,478125.0,2.0,37.0,1000000.0,0.0,0.0,0.0,37.0,36000000.0
1371,1371,"BNG(kr-vs-kp,1000,10)",1,1,active,ARFF,521875.0,3.0,478125.0,2.0,37.0,1000000.0,0.0,0.0,0.0,37.0,36000000.0
1370,1370,"BNG(kr-vs-kp,1000,5)",1,1,active,ARFF,521875.0,3.0,478125.0,2.0,37.0,1000000.0,0.0,0.0,0.0,37.0,36000000.0
1375,1375,"BNG(kr-vs-kp,10000,1)",1,1,active,ARFF,521875.0,3.0,478125.0,2.0,37.0,1000000.0,0.0,0.0,0.0,37.0,36000000.0
1377,1377,"BNG(kr-vs-kp,10000,10)",1,1,active,ARFF,521875.0,3.0,478125.0,2.0,37.0,1000000.0,0.0,0.0,0.0,37.0,36000000.0
1376,1376,"BNG(kr-vs-kp,10000,5)",1,1,active,ARFF,521875.0,3.0,478125.0,2.0,37.0,1000000.0,0.0,0.0,0.0,37.0,36000000.0
1372,1372,"BNG(kr-vs-kp,5000,1)",1,1,active,ARFF,521875.0,3.0,478125.0,2.0,37.0,1000000.0,0.0,0.0,0.0,37.0,36000000.0
1374,1374,"BNG(kr-vs-kp,5000,10)",1,1,active,ARFF,521875.0,3.0,478125.0,2.0,37.0,1000000.0,0.0,0.0,0.0,37.0,36000000.0
1373,1373,"BNG(kr-vs-kp,5000,5)",1,1,active,ARFF,521875.0,3.0,478125.0,2.0,37.0,1000000.0,0.0,0.0,0.0,37.0,36000000.0
262,262,BNG(cylinder-bands),1,1,active,ARFF,578062.0,429.0,421938.0,2.0,40.0,1000000.0,0.0,0.0,18.0,22.0,39000000.0
128,128,"BNG(cylinder-bands,nominal,1000000)",1,1,active,ARFF,577023.0,429.0,422977.0,2.0,40.0,1000000.0,0.0,0.0,0.0,40.0,39000000.0
1212,1212,BNG(SPECTF),1,1,active,ARFF,718700.0,2.0,281300.0,2.0,45.0,1000000.0,0.0,0.0,44.0,1.0,44000000.0
1181,1181,BNG(spectf_test),1,1,active,ARFF,784810.0,2.0,215190.0,2.0,45.0,1000000.0,0.0,0.0,44.0,1.0,44000000.0
135,135,BNG(spambase),1,1,active,ARFF,605948.0,3.0,394052.0,2.0,58.0,1000000.0,0.0,0.0,0.0,58.0,57000000.0
264,264,BNG(sonar),1,1,active,ARFF,532538.0,2.0,467462.0,2.0,61.0,1000000.0,0.0,0.0,60.0,1.0,60000000.0
132,132,"BNG(sonar,nominal,1000000)",1,1,active,ARFF,533556.0,3.0,466444.0,2.0,61.0,1000000.0,0.0,0.0,0.0,61.0,60000000.0
